amount,duration,payments,min_amount,max_amount,avg_amount,min_balance,max_balance,avg_balance,credit,withdrawal,min_credit_amount,max_credit_amount,avg_credit_amount,min_withdrawal_amount,max_withdrawal_amount,avg_withdrawal_amount,members,last_balance,gender,no. of inhabitants,no. of municipalities with inhabitants < 499 ,no. of municipalities with inhabitants 500-1999,no. of municipalities with inhabitants 2000-9999 ,no. of municipalities with inhabitants >10000 ,no. of cities ,ratio of urban inhabitants ,average salary ,unemploymant rate '95 ,unemploymant rate '96 ,no. of enterpreneurs per 1000 inhabitants ,no. of commited crimes '95 ,no. of commited crimes '96 ,Prague,central Bohemia,east Bohemia,north Bohemia,north Moravia,south Bohemia,south Moravia,west Bohemia,number_of_cards,owner_age,loan_year,loan_month,loan_day,amount_moth,can_pay,status
96396,12,8033,1100.0,9900.0,5025.0,1100.0,20100.0,12250.0,4,0,1100.0,9900.0,5025.0,0.0,0.0,0.0,1,20100.0,1,94812,15,13,8,2,10,81.8,9650,3.38,3.67,100,2985,2804,0,0,0,0,0,0,0,1,0.0,45,1993,7,5,10050.0,1,1
165960,36,4610,2.9,54300.0,11015.635135135135,700.0,120512.8,52083.85945945945,17,20,2.9,36574.0,13523.158823529411,14.6,54300.0,8884.240000000002,1,52208.9,0,112709,48,20,7,3,10,73.5,8369,1.79,2.31,117,2854,2618,0,0,1,0,0,0,0,0,0.0,24,1993,7,11,101894.625,1,0
47016,12,3918,32.8,51800.0,12252.22380952381,200.0,112901.6,60382.085714285706,22,20,32.8,47705.0,13031.063636363637,100.0,51800.0,11395.5,1,58773.2,1,112709,48,20,7,3,10,73.5,8369,1.79,2.31,117,2854,2618,0,0,1,0,0,0,0,0,0.0,35,1993,12,9,73513.34285714287,1,0
69360,48,1445,14.6,17782.0,4748.167948717948,1100.0,52365.0,33857.10641025642,31,47,34.2,17782.0,6597.132258064516,14.6,13700.0,3528.638297872341,1,38665.0,0,112709,48,20,7,3,10,73.5,8369,1.79,2.31,117,2854,2618,0,0,1,0,0,0,0,0,0.0,52,1994,6,12,26454.078571428567,1,0
127080,60,2118,48.6,19065.0,5417.458333333334,800.0,49590.4,30060.95416666668,15,9,48.6,19065.0,5009.733333333334,66.0,14800.0,6097.0,1,20272.8,0,77917,85,19,6,1,5,53.5,8390,2.28,2.89,132,2080,2122,0,0,1,0,0,0,0,0,0.0,57,1993,7,28,26003.800000000003,1,0
74736,36,2076,14.6,30918.0,8191.962686567161,700.0,62084.0,37912.998507462675,26,41,16.5,30918.0,11194.334615384618,14.6,20000.0,6288.019512195123,1,33243.7,0,77917,85,19,6,1,5,53.5,8390,2.28,2.89,132,2080,2122,0,0,1,0,0,0,0,0,0.0,28,1994,7,30,45738.458333333314,1,0
60000,60,1000,14.6,11049.0,2567.8445255474444,400.0,39393.9,24643.283941605838,48,89,41.5,11049.0,3840.34375,14.6,7000.0,1881.5528089887648,1,16878.6,0,77917,85,19,6,1,5,53.5,8390,2.28,2.89,132,2080,2122,0,0,1,0,0,0,0,0,0.0,48,1995,7,3,16752.128571428566,1,0
204000,60,3400,14.6,30604.0,7701.987692307691,400.0,68172.8,37809.39846153843,25,40,49.3,30604.0,10772.44,14.6,16100.0,5782.955000000001,1,37992.7,0,77917,85,19,6,1,5,53.5,8390,2.28,2.89,132,2080,2122,0,0,1,0,0,0,0,0,0.0,51,1995,12,18,45511.745454545446,1,0
105804,36,2939,14.6,26448.0,8253.080000000002,1000.0,65898.5,41297.479999999996,13,12,132.8,26448.0,9254.600000000002,14.6,15600.0,7168.100000000001,1,34292.7,1,177686,69,27,10,1,9,74.8,10045,1.42,1.71,135,6604,6295,0,0,0,0,0,1,0,0,0.0,53,1993,8,3,34387.833333333336,1,0
117024,24,4876,45.1,29255.0,14122.576923076924,800.0,76985.2,44131.16923076923,9,4,45.1,29255.0,13154.833333333336,2100.0,24000.0,16300.0,1,53193.5,0,177686,69,27,10,1,9,74.8,10045,1.42,1.71,135,6604,6295,0,0,0,0,0,1,0,0,0.0,58,1993,11,4,45898.375,1,0
173016,36,4806,30.0,62700.0,13519.828723404255,300.0,123928.2,61799.24361702124,47,47,39.4,49769.0,14459.529787234043,30.0,62700.0,12580.127659574468,1,88331.6,1,177686,69,27,10,1,9,74.8,10045,1.42,1.71,135,6604,6295,0,0,0,0,0,1,0,0,0.0,51,1996,5,30,127086.38999999998,1,0
321180,60,5353,14.6,48180.0,13585.028947368419,700.0,90257.3,40524.463157894745,17,21,17.7,48180.0,16276.9,14.6,34000.0,11405.89523809524,2,37183.5,0,177686,69,27,10,1,9,74.8,10045,1.42,1.71,135,6604,6295,0,0,0,0,0,1,0,0,0.0,60,1996,11,15,73747.29999999999,1,0
421008,48,8771,14.6,31540.0,8521.962,600.0,72330.4,37436.421999999984,22,28,44.9,31540.0,10392.413636363637,14.6,19100.0,7052.321428571429,1,31168.0,0,177686,69,27,10,1,9,74.8,10045,1.42,1.71,135,6604,6295,0,0,0,0,0,1,0,0,0.0,43,1996,11,18,47344.23333333333,1,0
274740,60,4579,30.0,63366.0,18945.966666666667,600.0,122893.1,57188.21111111113,13,14,77.1,63366.0,21255.930769230767,30.0,36700.0,16801.0,1,41112.9,0,86513,38,36,5,1,5,50.5,8288,3.79,4.52,110,1562,1460,0,0,0,0,0,0,1,0,0.0,14,1993,9,6,85256.84999999999,1,0
93888,36,2608,48.0,15649.0,7121.915789473684,600.0,52378.2,37510.49473684211,12,7,48.0,15649.0,7084.7,100.0,15500.0,7185.714285714285,1,34716.3,1,86513,38,36,5,1,5,50.5,8288,3.79,4.52,110,1562,1460,0,0,0,0,0,0,1,0,0.0,43,1993,12,8,33829.1,1,0
4980,12,415,14.6,16000.0,3932.5043478260877,800.0,41106.2,30533.37173913044,19,27,35.6,15528.0,5352.515789473684,14.6,16000.0,2933.2370370370368,1,22500.3,1,86513,38,36,5,1,5,50.5,8288,3.79,4.52,110,1562,1460,0,0,0,0,0,0,1,0,0.0,41,1994,7,5,25842.171428571433,1,0
288468,36,8013,6.4,30950.0,8402.382352941177,600.0,71939.2,36999.52352941177,14,3,6.4,30950.0,6845.750000000001,10700.0,23300.0,15666.666666666666,1,48665.3,1,86513,38,36,5,1,5,50.5,8288,3.79,4.52,110,1562,1460,0,0,0,0,0,0,1,0,0.0,36,1995,1,3,35710.125,1,0
87840,24,3660,51.3,32938.0,9496.929411764706,500.0,65847.8,46318.55294117648,14,3,51.3,32938.0,7331.9857142857145,15200.0,22000.0,19600.0,2,43847.8,1,53921,61,22,1,1,2,41.3,8598,2.77,3.26,123,1597,1875,0,1,0,0,0,0,0,0,0.0,13,1993,9,13,53815.93333333333,1,0
197748,36,5493,68.3,36216.0,14293.412500000002,300.0,74413.6,44735.43125,11,5,68.3,36216.0,12363.145454545454,5700.0,25100.0,18540.0,2,43294.5,1,53921,61,22,1,1,2,41.3,8598,2.77,3.26,123,1597,1875,0,1,0,0,0,0,0,0,0.0,23,1994,2,23,45738.920000000006,1,0
61656,24,2569,36.9,47337.0,16007.958333333334,400.0,89256.9,44763.458333333336,9,3,36.9,47337.0,13988.388888888889,13800.0,31400.0,22066.666666666668,1,59695.5,1,53921,61,22,1,1,2,41.3,8598,2.77,3.26,123,1597,1875,0,1,0,0,0,0,0,0,0.0,42,1996,2,10,38419.1,1,1
44628,12,3719,30.0,71565.0,14238.080821917805,900.0,112689.5,49477.32123287669,43,103,95.5,71565.0,25106.97209302325,30.0,59000.0,9700.582524271844,1,80439.7,0,53921,61,22,1,1,2,41.3,8598,2.77,3.26,123,1597,1875,0,1,0,0,0,0,0,0,0.0,52,1996,4,10,103937.98999999998,1,0
262980,60,4383,14.6,44022.0,7310.239285714285,900.0,78574.3,41729.616071428565,24,32,66.3,44022.0,10113.641666666668,14.6,22300.0,5207.687500000001,1,76081.3,1,53921,61,22,1,1,2,41.3,8598,2.77,3.26,123,1597,1875,0,1,0,0,0,0,0,0,0.0,30,1996,10,24,37215.763636363634,1,0
52788,12,4399,14.6,17920.0,3714.8976744186057,1000.0,41469.1,22198.179069767448,21,22,43.9,11427.0,4304.038095238095,14.6,17920.0,3152.536363636363,1,21029.0,0,58796,22,16,7,1,5,51.9,9045,3.13,3.6,124,1845,1879,0,0,0,0,0,1,0,0,0.0,20,1993,9,15,22820.08571428572,1,0
87216,48,1817,14.6,16356.0,4041.378787878787,200.0,41410.0,28362.24848484848,21,12,16.7,16356.0,3691.82380952381,14.6,12600.0,4653.099999999999,1,21579.1,0,58796,22,16,7,1,5,51.9,9045,3.13,3.6,124,1845,1879,0,0,0,0,0,1,0,0,0.0,30,1994,6,6,22227.58333333333,1,1
21396,12,1783,14.6,16048.0,4644.4371794871795,1000.0,46848.9,30812.946153846162,34,44,59.2,16048.0,5691.8852941176465,14.6,14075.0,3835.0454545454554,2,24782.0,0,58796,22,16,7,1,5,51.9,9045,3.13,3.6,124,1845,1879,0,0,0,0,0,1,0,0,0.0,26,1995,8,18,25876.149999999998,1,0
44376,12,3698,14.6,54100.0,15332.38717948718,800.0,124090.0,53505.215384615374,18,21,108.4,49412.0,18505.68333333333,14.6,54100.0,12612.41904761905,1,68241.5,0,58796,22,16,7,1,5,51.9,9045,3.13,3.6,124,1845,1879,0,0,0,0,0,1,0,0,0.0,34,1996,8,9,119592.62,1,0
174744,24,7281,14.6,52600.0,11557.949999999999,1000.0,105628.0,37485.456249999996,16,16,77.8,47436.0,13374.849999999999,14.6,52600.0,9741.050000000001,1,58140.9,1,122603,25,21,6,2,8,80.0,8991,1.39,2.01,128,5198,5273,0,0,0,0,0,0,0,1,0.0,45,1993,9,24,73970.87999999999,1,1
49320,12,4110,100.0,62700.0,10548.35918367347,900.0,126833.0,46576.27755102041,17,32,166.4,45628.0,15663.03529411765,100.0,62700.0,7831.1875,1,15673.6,1,122603,25,21,6,2,8,80.0,8991,1.39,2.01,128,5198,5273,0,0,0,0,0,0,0,1,0.0,48,1994,2,17,103373.92000000001,1,1
19044,36,529,14.2,24126.0,6600.440579710144,600.0,64981.1,43121.75507246376,29,40,14.2,24126.0,8717.206896551725,14.6,22300.0,5065.785000000002,1,50167.6,1,122603,25,21,6,2,8,80.0,8991,1.39,2.01,128,5198,5273,0,0,0,0,0,0,0,1,0.0,22,1996,7,11,35033.10769230769,1,0
15192,24,633,14.6,21513.0,4099.694674556212,500.0,48157.1,29941.905325443797,47,122,72.8,21513.0,7555.3234042553195,14.6,14000.0,2768.427868852459,1,17351.9,1,122603,25,21,6,2,8,80.0,8991,1.39,2.01,128,5198,5273,0,0,0,0,0,0,0,1,0.0,23,1996,9,25,31493.10909090908,1,0
154416,48,3217,13.6,39098.0,9740.15,8897.0,81723.5,46715.8,16,16,13.6,39098.0,11408.9875,30.0,19200.0,8071.3125,1,53402.7,1,70699,60,13,2,1,4,65.3,8968,2.83,3.35,131,1740,1910,0,0,0,0,0,1,0,0,0.0,24,1993,10,13,62336.96,1,0
21924,36,609,14.6,21739.5,5957.544444444446,1100.0,60432.4,34272.21333333335,21,24,38.3,21739.5,7551.738095238096,14.6,17200.0,4562.625000000001,2,49083.3,0,157042,49,70,18,0,9,33.9,8743,1.88,2.43,111,3659,3894,0,0,0,0,0,0,1,0,0.0,33,1993,11,10,29787.72222222223,1,0
14628,12,1219,2.0,23230.5,4093.035294117646,200.0,52184.7,32788.14215686272,29,73,49.4,23230.5,7799.868965517242,2.0,14100.0,2620.457534246576,1,34902.8,1,157042,49,70,18,0,9,33.9,8743,1.88,2.43,111,3659,3894,0,0,0,0,0,0,1,0,0.0,45,1994,8,4,34790.799999999996,1,0
121896,24,5079,14.6,64900.0,13230.344086021503,600.0,133454.9,54422.59677419359,39,54,17.7,49558.0,16312.041025641029,14.6,64900.0,11004.674074074072,1,41917.2,0,157042,49,70,18,0,9,33.9,8743,1.88,2.43,111,3659,3894,0,0,0,0,0,0,1,0,0.0,29,1994,8,27,82028.13333333332,1,0
71460,12,5955,14.6,48487.0,10433.439534883719,200.0,82549.0,47991.530232558136,20,23,35.9,48487.0,13133.975,14.6,24300.0,8085.147826086957,2,53022.0,0,157042,49,70,18,0,9,33.9,8743,1.88,2.43,111,3659,3894,0,0,0,0,0,0,1,0,0.0,49,1994,9,30,44863.78999999999,1,0
48672,36,1352,14.6,12100.0,1577.4938144329901,300.0,33484.4,23050.189690721647,34,63,33.8,12100.0,2590.1029411764707,14.6,5880.0,1031.006349206349,2,23110.0,1,157042,49,70,18,0,9,33.9,8743,1.88,2.43,111,3659,3894,0,0,0,0,0,0,1,0,0.0,46,1994,11,6,11770.530769230772,1,0
417600,60,6960,100.0,36305.0,8159.970588235291,200.0,87052.1,43196.74411764705,21,13,175.0,36305.0,8001.857142857141,100.0,31700.0,8415.384615384615,1,58638.6,0,157042,49,70,18,0,9,33.9,8743,1.88,2.43,111,3659,3894,0,0,0,0,0,0,1,0,1.0,26,1996,12,5,21341.461538461528,1,0
79608,24,3317,14.6,67124.0,17600.358490566032,800.0,125825.7,69954.57169811318,22,31,110.2,67124.0,23558.290909090912,14.6,51700.0,13372.148387096771,1,103745.7,0,105606,77,26,7,2,7,53.0,8254,2.79,3.76,97,2166,2325,0,0,1,0,0,0,0,0,0.0,23,1993,11,22,93281.89999999998,1,0
149340,60,2489,30.0,22404.0,5778.791071428573,500.0,53214.0,29069.11607142853,23,33,32.2,22404.0,7546.752173913043,30.0,13200.0,4546.575757575758,1,23538.3,0,105606,77,26,7,2,7,53.0,8254,2.79,3.76,97,2166,2325,0,0,1,0,0,0,0,0,0.0,31,1994,4,7,32361.230000000003,1,0
314520,60,5242,30.0,56700.0,15168.362307692307,500.0,128119.4,63527.42000000002,56,74,88.2,49457.0,18056.912500000002,30.0,56700.0,12982.432432432432,1,50487.0,1,105606,77,26,7,2,7,53.0,8254,2.79,3.76,97,2166,2325,0,0,1,0,0,0,0,0,0.0,39,1995,10,2,131459.13999999998,1,0
277884,36,7719,14.6,53200.0,10720.307692307697,1000.0,129394.2,46487.00256410256,46,71,15.0,47031.0,13759.673913043482,14.6,53200.0,8751.140845070418,1,11614.0,1,105606,77,26,7,2,7,53.0,8254,2.79,3.76,97,2166,2325,0,0,1,0,0,0,0,0,0.0,15,1996,4,18,57012.54545454548,1,1
464520,60,7742,30.0,47757.0,13335.798529411764,200.0,125943.1,51760.01617647063,31,37,42.4,47757.0,16035.55806451613,30.0,41000.0,11073.837837837838,1,87370.3,1,148545,8,35,12,3,4,53.5,8909,4.01,5.56,113,3460,3590,0,0,0,0,1,0,0,0,0.0,52,1993,12,1,113354.28749999999,1,1
89040,60,1484,14.6,15843.0,3441.2045977011485,800.0,46550.2,30045.399999999998,44,43,25.2,15843.0,3735.122727272728,14.6,11400.0,3140.451162790698,2,29305.8,1,148545,8,35,12,3,4,53.5,8909,4.01,5.56,113,3460,3590,0,0,0,0,1,0,0,0,0.0,24,1994,5,9,24948.733333333326,1,0
173808,24,7242,43.3,74522.0,17396.585333333336,1000.0,134416.6,61218.658666666684,26,49,43.3,74522.0,26907.22692307692,100.0,38200.0,12350.122448979591,2,94431.9,1,148545,8,35,12,3,4,53.5,8909,4.01,5.56,113,3460,3590,0,0,0,0,1,0,0,0,0.0,37,1994,7,11,108728.65833333334,1,0
48744,36,1354,53.7,28603.5,11392.235714285713,900.0,62891.3,42930.20714285715,11,3,53.7,28603.5,10108.3,13000.0,18600.0,16100.0,1,62891.3,1,148545,8,35,12,3,4,53.5,8909,4.01,5.56,113,3460,3590,0,0,0,0,1,0,0,0,0.0,32,1996,9,14,39872.825,1,0
95400,36,2650,23.6,35760.0,10370.702127659575,200.0,92354.8,41562.32340425532,22,25,23.6,35760.0,11706.590909090908,30.0,33500.0,9195.12,1,27667.0,0,95616,65,30,4,1,6,51.4,9307,3.85,4.43,118,2616,3040,0,1,0,0,0,0,0,0,0.0,22,1993,12,8,60927.875,1,0
174744,24,7281,0.2,46739.0,7375.6279661016915,-1369.2,96659.4,26252.81440677967,38,80,33.3,46739.0,11542.82894736842,0.2,37500.0,5396.207499999999,1,6930.8,1,95616,65,30,4,1,6,51.4,9307,3.85,4.43,118,2616,3040,0,1,0,0,0,0,0,0,0.0,15,1994,6,17,62166.00714285712,1,1
538500,60,8975,14.6,32082.0,8499.93448275862,200.0,69775.9,33687.85862068966,22,36,40.4,32082.0,11733.345454545457,14.6,23800.0,6523.961111111112,1,23271.0,0,95616,65,30,4,1,6,51.4,9307,3.85,4.43,118,2616,3040,0,1,0,0,0,0,0,0,0.0,34,1995,2,17,49299.61999999999,1,0
285600,60,4760,30.0,42729.0,10411.720408163264,1100.0,126077.1,49651.8918367347,24,25,31.1,42729.0,11216.012500000003,30.0,33600.0,9639.6,2,28194.4,1,95616,65,30,4,1,6,51.4,9307,3.85,4.43,118,2616,3040,0,1,0,0,0,0,0,0,0.0,14,1995,7,25,72882.04285714285,1,0
155640,24,6485,14.6,34486.0,5793.879999999999,500.0,72838.9,45183.34952380955,27,78,38.6,34486.0,12015.777777777777,14.6,21700.0,3640.146153846154,1,40494.6,1,95616,65,30,4,1,6,51.4,9307,3.85,4.43,118,2616,3040,0,1,0,0,0,0,0,0,0.0,53,1996,8,4,46796.72307692307,1,0
259740,60,4329,75.3,38960.0,13038.088235294117,800.0,79633.5,45198.15294117648,10,7,75.3,38960.0,14443.35,1300.0,21500.0,11030.57142857143,1,67219.5,0,228848,15,40,18,2,6,57.2,9893,4.09,4.72,96,5623,5887,0,0,0,0,1,0,0,0,0.0,14,1993,12,13,55411.875,1,0
239460,60,3991,14.6,35918.0,9689.680434782607,300.0,74408.8,40061.58043478263,18,28,30.4,35918.0,13387.93888888889,14.6,23200.0,7312.228571428573,1,36240.6,1,228848,15,40,18,2,6,57.2,9893,4.09,4.72,96,5623,5887,0,0,0,0,1,0,0,0,0.0,51,1994,6,23,55715.66249999999,1,0
76680,24,3195,14.6,57554.0,9877.504195804198,1000.0,104676.1,62933.4748251748,53,90,91.9,57554.0,13581.835849056604,14.6,38700.0,7696.064444444442,2,27191.2,0,228848,15,40,18,2,6,57.2,9893,4.09,4.72,96,5623,5887,0,0,0,0,1,0,0,0,0.0,46,1995,3,11,83087.2411764706,1,0
68400,12,5700,66.2,31037.0,7253.299999999998,800.0,51242.2,31793.735714285714,9,5,66.2,31037.0,6971.799999999999,2200.0,15800.0,7760.0,1,23946.1,1,228848,15,40,18,2,6,57.2,9893,4.09,4.72,96,5623,5887,0,0,0,0,1,0,0,0,0.0,18,1995,4,15,20309.239999999998,1,1
99336,24,4139,14.6,16866.0,4348.373076923077,300.0,46568.0,27019.571153846144,24,28,58.5,16866.0,5352.908333333333,14.6,11900.0,3487.342857142858,1,30824.1,1,228848,15,40,18,2,6,57.2,9893,4.09,4.72,96,5623,5887,0,0,0,0,1,0,0,0,0.0,15,1995,11,4,22611.54,1,0
141948,36,3943,49.6,28840.0,8963.98,800.0,63263.1,32592.68,7,3,49.6,28840.0,9777.114285714286,200.0,16200.0,7066.666666666667,1,47239.7,1,228848,15,40,18,2,6,57.2,9893,4.09,4.72,96,5623,5887,0,0,0,0,1,0,0,0,0.0,45,1996,7,6,29879.933333333334,1,0
38148,12,3179,9.9,32706.0,8369.555172413793,900.0,62324.6,37462.093103448286,18,11,9.9,32706.0,8067.861111111111,14.6,20600.0,8863.236363636364,1,47725.8,1,1204953,0,0,0,1,1,100.0,12541,0.29,0.43,167,85677,99107,1,0,0,0,0,0,0,0,0.0,28,1993,12,16,48543.42,1,0
80952,24,3373,13.5,30354.0,7954.2574074074055,1100.0,67529.6,32590.62407407406,22,32,13.5,30354.0,10394.786363636362,14.6,22400.0,6276.393750000001,2,27840.6,0,1204953,0,0,0,1,1,100.0,12541,0.29,0.43,167,85677,99107,1,0,0,0,0,0,0,0,0.0,48,1994,1,5,42952.98999999999,1,0
80952,24,3373,13.5,30354.0,7937.749999999999,1100.0,67529.6,33312.53888888891,22,32,13.5,30354.0,10395.177272727273,14.6,22400.0,6248.268750000001,2,28749.1,0,1204953,0,0,0,1,1,100.0,12541,0.29,0.43,167,85677,99107,1,0,0,0,0,0,0,0,0.0,48,1994,1,5,42863.84999999999,1,0
24516,12,2043,12.5,59200.0,16201.558904109586,200.0,125254.2,55582.22602739725,31,42,12.5,49536.0,20344.677419354834,14.6,59200.0,13143.542857142855,1,78656.2,0,1204953,0,0,0,1,1,100.0,12541,0.29,0.43,167,85677,99107,1,0,0,0,0,0,0,0,0.0,35,1994,1,10,118271.37999999998,1,0
80340,12,6695,14.6,61260.0,15464.398076923077,1100.0,122523.5,61531.59038461539,22,30,147.8,61260.0,20306.622727272726,14.6,39200.0,11913.43333333333,2,89342.6,1,1204953,0,0,0,1,1,100.0,12541,0.29,0.43,167,85677,99107,1,0,0,0,0,0,0,0,0.0,18,1994,5,20,80414.87,1,0
288360,60,4806,8.7,27116.0,8585.039999999999,800.0,58495.8,33211.759999999995,8,2,8.7,27116.0,8081.299999999999,6000.0,15200.0,10600.0,1,43313.2,0,1204953,0,0,0,1,1,100.0,12541,0.29,0.43,167,85677,99107,1,0,0,0,0,0,0,0,0.0,58,1994,6,14,28616.8,1,0
131292,36,3647,12.1,32823.0,7915.583132530121,1000.0,70288.4,36635.11566265061,29,54,12.1,32823.0,11868.186206896553,30.0,24000.0,5792.888888888889,1,31361.3,0,1204953,0,0,0,1,1,100.0,12541,0.29,0.43,167,85677,99107,1,0,0,0,0,0,0,0,0.0,40,1994,7,28,50537.95384615385,1,0
120888,36,3358,30.0,49200.0,9301.089583333334,600.0,116468.4,40838.75520833332,36,60,85.0,48618.0,13123.877777777778,30.0,49200.0,7007.416666666667,1,52014.4,1,1204953,0,0,0,1,1,100.0,12541,0.29,0.43,167,85677,99107,1,0,0,0,0,0,0,0,0.0,50,1994,8,5,55806.537500000006,1,0
323472,48,6739,14.6,44802.0,12422.015789473682,200.0,119934.1,45414.07368421048,28,29,52.9,44802.0,13879.189285714285,14.6,33900.0,11015.089655172413,1,69179.8,1,1204953,0,0,0,1,1,100.0,12541,0.29,0.43,167,85677,99107,1,0,0,0,0,0,0,0,0.0,53,1994,8,10,54465.761538461535,1,0
209184,48,4358,14.6,61800.0,14438.211764705879,1000.0,110583.8,46230.339705882405,26,42,70.1,54645.0,19731.79230769231,14.6,61800.0,11161.233333333332,1,44254.7,0,1204953,0,0,0,1,1,100.0,12541,0.29,0.43,167,85677,99107,1,0,0,0,0,0,0,0,0.0,41,1994,9,11,81816.53333333331,1,0
87816,12,7318,14.6,14886.0,4538.900000000001,800.0,43442.2,25533.2142857143,41,43,54.5,14886.0,4840.648780487804,14.6,10300.0,4251.186046511629,2,15665.6,0,1204953,0,0,0,1,1,100.0,12541,0.29,0.43,167,85677,99107,1,0,0,0,0,0,0,0,0.0,33,1994,9,26,25417.840000000004,1,0
11736,24,489,14.6,33098.0,6032.843609022554,1100.0,70826.8,42224.43909774438,36,97,34.8,33098.0,11518.78888888889,14.6,22500.0,3996.8226804123706,1,26984.4,0,1204953,0,0,0,1,1,100.0,12541,0.29,0.43,167,85677,99107,1,0,0,0,0,0,0,0,0.0,56,1994,10,2,47198.12941176469,1,0
205200,36,5700,30.0,51303.0,9244.202325581395,900.0,93928.5,58336.31162790698,36,93,82.4,51303.0,17320.669444444447,30.0,31200.0,6117.8279569892475,1,54586.0,1,1204953,0,0,0,1,1,100.0,12541,0.29,0.43,167,85677,99107,1,0,0,0,0,0,0,0,0.0,31,1994,12,4,70147.18235294116,1,0
482940,60,8049,7.8,21056.0,4060.6807692307675,900.0,57707.2,26358.7546153846,56,74,7.8,21056.0,4877.926785714286,14.6,15800.0,3442.224324324325,1,18439.4,1,1204953,0,0,0,1,1,100.0,12541,0.29,0.43,167,85677,99107,1,0,0,0,0,0,0,0,0.0,18,1994,12,19,35192.56666666665,1,1
31248,12,2604,14.6,64100.0,13845.45833333334,1000.0,144715.3,64493.09916666662,51,69,128.0,47033.0,16817.427450980394,14.6,64100.0,11648.785507246375,1,53922.3,1,1204953,0,0,0,1,1,100.0,12541,0.29,0.43,167,85677,99107,1,0,0,0,0,0,0,0,0.0,55,1994,12,21,92303.05555555559,1,0
76380,12,6365,14.6,12861.0,3571.5911111111113,1100.0,41703.3,26122.848888888897,20,25,36.1,12861.0,4596.959999999999,14.6,8700.0,2751.296,1,23156.6,1,1204953,0,0,0,1,1,100.0,12541,0.29,0.43,167,85677,99107,1,0,0,0,0,0,0,0,0.0,37,1995,1,2,22960.22857142857,1,0
270648,36,7518,30.0,52700.0,12958.563888888888,200.0,134501.4,60819.976388888885,36,36,105.9,47433.0,13666.849999999999,30.0,52700.0,12250.277777777777,1,50996.5,0,1204953,0,0,0,1,1,100.0,12541,0.29,0.43,167,85677,99107,1,0,0,0,0,0,0,0,0.0,57,1995,1,8,103668.5111111111,1,1
76416,24,3184,14.6,28659.0,6527.337254901959,8686.4,64494.1,31375.160784313728,57,96,48.8,28659.0,8867.943859649122,14.6,21400.0,5137.602083333331,2,12262.9,0,1204953,0,0,0,1,1,100.0,12541,0.29,0.43,167,85677,99107,1,0,0,0,0,0,0,0,0.0,57,1995,1,11,47556.314285714274,1,0
316140,60,5269,14.6,13352.0,3872.0683453237402,800.0,39616.2,18632.933812949643,60,79,16.7,13352.0,4591.911666666667,14.6,9500.0,3325.3518987341777,1,12811.8,0,1204953,0,0,0,1,1,100.0,12541,0.29,0.43,167,85677,99107,1,0,0,0,0,0,0,0,0.0,26,1995,2,5,24464.431818181813,1,1
168984,24,7041,2.5,55200.0,11357.386875000004,-517.7,120806.4,56053.99750000008,74,86,28.0,49960.0,12442.474324324327,2.5,55200.0,10423.706976744183,1,24304.3,0,1204953,0,0,0,1,1,100.0,12541,0.29,0.43,167,85677,99107,1,0,0,0,0,0,0,0,0.0,18,1995,3,4,100954.55000000003,1,1
15420,12,1285,14.6,13881.0,3142.1841059602634,1000.0,41137.4,24577.200000000033,53,98,22.1,13881.0,4776.766037735849,14.6,11840.0,2258.1755102040825,1,31867.2,1,1204953,0,0,0,1,1,100.0,12541,0.29,0.43,167,85677,99107,1,0,0,0,0,0,0,0,0.0,29,1995,3,21,22593.79999999999,1,0
31728,24,1322,14.6,22267.5,5173.091452991451,600.0,56122.8,31139.747863247834,41,76,36.5,22267.5,7781.153658536584,14.6,19680.0,3766.1105263157897,2,32802.7,0,1204953,0,0,0,1,1,100.0,12541,0.29,0.43,167,85677,99107,1,0,0,0,0,0,0,0,0.0,44,1995,3,27,33625.09444444443,1,0
18564,12,1547,24.0,25603.5,8589.66923076923,200.0,56498.4,35538.04615384616,9,4,24.0,25603.5,8607.3,300.0,13400.0,8550.0,1,43265.7,1,1204953,0,0,0,1,1,100.0,12541,0.29,0.43,167,85677,99107,1,0,0,0,0,0,0,0,0.0,32,1995,4,2,27916.425,1,0
187224,24,7801,0.2,51900.0,10834.715909090908,-243.3,92571.3,42084.311363636334,38,50,16.8,46293.0,13214.305263157892,0.2,51900.0,9026.227999999997,1,50832.1,0,1204953,0,0,0,1,1,100.0,12541,0.29,0.43,167,85677,99107,1,0,0,0,0,0,0,0,0.0,47,1995,5,1,59590.93749999999,1,1
87216,48,1817,14.6,15608.0,2960.6979729729724,700.0,43787.3,30847.149324324353,41,107,25.0,15608.0,5670.470731707317,14.6,9900.0,1922.3738317757015,1,26795.3,1,1204953,0,0,0,1,1,100.0,12541,0.29,0.43,167,85677,99107,1,0,0,0,0,0,0,0,0.0,41,1995,5,30,23062.278947368417,1,0
36168,12,3014,14.6,27122.0,6931.622222222222,300.0,63738.0,39063.76666666667,15,21,64.2,27122.0,9289.213333333335,14.6,18500.0,5247.628571428572,1,29138.1,0,1204953,0,0,0,1,1,100.0,12541,0.29,0.43,167,85677,99107,1,0,0,0,0,0,0,0,0.0,34,1995,9,22,41589.73333333333,1,0
231696,36,6436,30.0,60566.0,10683.372222222222,800.0,108575.3,45873.61666666672,34,92,102.1,60566.0,20382.05588235294,30.0,36000.0,7099.076086956522,2,39874.7,0,1204953,0,0,0,1,1,100.0,12541,0.29,0.43,167,85677,99107,1,0,0,0,0,0,0,0,0.0,22,1995,10,20,89740.32666666666,1,0
419880,60,6998,39.0,64800.0,24426.472222222223,200.0,104039.9,59352.83333333334,11,7,39.0,62982.0,21108.227272727272,8500.0,64800.0,29640.85714285714,2,24704.4,1,1204953,0,0,0,1,1,100.0,12541,0.29,0.43,167,85677,99107,1,0,0,0,0,0,0,0,0.0,49,1995,10,29,109919.125,1,0
31176,24,1299,14.6,29418.0,9027.317391304348,700.0,65769.6,46304.15217391303,12,11,71.1,29418.0,10761.475,14.6,16900.0,7135.509090909091,1,50647.1,0,1204953,0,0,0,1,1,100.0,12541,0.29,0.43,167,85677,99107,1,0,0,0,0,0,0,0,0.0,27,1995,11,28,41525.66,1,0
125340,60,2089,30.0,49974.0,9686.67244094488,500.0,110933.4,51145.51574803151,57,70,69.3,49974.0,10958.024561403507,30.0,45200.0,8651.42857142857,1,19007.0,0,1204953,0,0,0,1,1,100.0,12541,0.29,0.43,167,85677,99107,1,0,0,0,0,0,0,0,0.0,51,1995,12,25,82013.82666666665,1,0
247728,48,5161,30.0,57900.0,12112.076,200.0,108390.1,60054.73400000001,23,27,32.1,48620.0,14307.730434782608,30.0,57900.0,10241.703703703704,1,52551.7,0,1204953,0,0,0,1,1,100.0,12541,0.29,0.43,167,85677,99107,1,0,0,0,0,0,0,0,0.0,16,1996,3,10,86514.82857142856,1,0
320976,48,6687,14.6,70071.0,15093.958,1000.0,130775.0,49482.96800000001,23,27,68.7,70071.0,17416.526086956525,14.6,49700.0,13115.47407407407,1,46462.2,0,1204953,0,0,0,1,1,100.0,12541,0.29,0.43,167,85677,99107,1,0,0,0,0,0,0,0,0.0,59,1996,4,25,107813.98571428572,1,1
20196,36,561,14.6,35469.0,8501.322916666664,200.0,77158.8,52636.598958333314,34,62,57.8,35469.0,12967.817647058824,14.6,24500.0,6051.954838709677,1,65684.6,0,1204953,0,0,0,1,1,100.0,12541,0.29,0.43,167,85677,99107,1,0,0,0,0,0,0,0,0.0,25,1996,7,18,48007.47058823528,1,0
258444,36,7179,141.4,31830.0,8680.756249999999,600.0,61790.4,40688.1375,12,4,141.4,31830.0,8032.675,5200.0,14600.0,10625.0,1,53892.1,0,1204953,0,0,0,1,1,100.0,12541,0.29,0.43,167,85677,99107,1,0,0,0,0,0,0,0,0.0,30,1996,8,3,23148.68333333333,1,0
71460,36,1985,14.6,33669.0,10132.919354838708,700.0,76403.1,49220.9806451613,16,15,84.1,33669.0,11367.793749999999,14.6,26600.0,8815.720000000001,2,49648.9,1,1204953,0,0,0,1,1,100.0,12541,0.29,0.43,167,85677,99107,1,0,0,0,0,0,0,0,0.0,16,1996,9,9,44874.35714285714,1,0
68832,36,1912,14.6,28353.0,7828.981132075471,700.0,61939.6,37557.05471698113,24,29,28.1,28353.0,9718.266666666668,14.6,24000.0,6265.434482758622,1,51540.7,0,1204953,0,0,0,1,1,100.0,12541,0.29,0.43,167,85677,99107,1,0,0,0,0,0,0,0,0.0,37,1996,9,17,41493.59999999999,1,0
101520,12,8460,14.6,18513.0,5370.042105263158,400.0,43218.7,26449.092105263157,18,20,33.0,18513.0,6132.844444444445,14.6,10000.0,4683.52,1,16720.8,1,1204953,0,0,0,1,1,100.0,12541,0.29,0.43,167,85677,99107,1,0,0,0,0,0,0,0,0.0,19,1996,10,3,29151.657142857144,1,0
77184,36,2144,14.6,63600.0,14561.257142857143,200.0,142917.9,50722.27012987011,36,41,36.3,48447.0,15884.20555555556,14.6,63600.0,13399.64390243902,1,22446.0,1,1204953,0,0,0,1,1,100.0,12541,0.29,0.43,167,85677,99107,1,0,0,0,0,0,0,0,0.0,41,1996,10,4,62289.822222222225,1,0
70656,48,1472,14.6,26080.0,5188.33962264151,600.0,55343.2,32646.850943396235,29,24,37.4,22317.0,5128.586206896552,14.6,26080.0,5260.541666666668,1,22476.1,0,1204953,0,0,0,1,1,100.0,12541,0.29,0.43,167,85677,99107,1,0,0,0,0,0,0,0,0.0,44,1996,10,4,34372.75,1,0
110136,24,4589,14.6,60700.0,11660.536507936504,400.0,140542.8,50815.80476190475,29,34,83.5,45640.0,13368.282758620688,14.6,60700.0,10203.929411764706,1,40746.5,1,1204953,0,0,0,1,1,100.0,12541,0.29,0.43,167,85677,99107,1,0,0,0,0,0,0,0,0.0,38,1996,11,11,40811.87777777776,1,0
228276,36,6341,14.6,22288.0,7186.860000000001,500.0,60236.6,41402.134999999995,13,7,66.5,22288.0,7594.046153846154,14.6,9100.0,6430.657142857142,2,53707.9,0,1204953,0,0,0,1,1,100.0,12541,0.29,0.43,167,85677,99107,1,0,0,0,0,0,0,0,0.0,35,1996,11,22,28747.440000000002,1,0
86616,12,7218,29.8,17859.0,5323.546666666666,800.0,48353.1,25714.046666666665,12,3,29.8,17859.0,4879.433333333333,2200.0,11100.0,7100.0,1,37253.1,0,75637,35,36,9,0,7,36.5,9622,0.45,0.59,154,3475,3529,0,1,0,0,0,0,0,0,0.0,32,1993,12,21,26617.733333333334,1,0
149040,48,3105,14.6,27946.0,6682.029629629629,200.0,62441.6,36845.58888888889,20,34,31.1,27946.0,9496.58,14.6,15900.0,5026.411764705883,1,19033.5,1,75637,35,36,9,0,7,36.5,9622,0.45,0.59,154,3475,3529,0,1,0,0,0,0,0,0,0.0,25,1994,2,7,40092.177777777775,1,0
52128,24,2172,0.1,44473.0,6031.725352112675,144.2,59944.2,33459.68028169013,39,32,38.7,44473.0,6244.838461538461,0.1,27300.0,5771.993750000001,1,58659.8,1,75637,35,36,9,0,7,36.5,9622,0.45,0.59,154,3475,3529,0,1,0,0,0,0,0,0,0.0,34,1994,6,4,53531.56249999999,1,0
111384,24,4641,14.6,61700.0,13525.02368421053,500.0,141386.0,65097.22434210526,55,97,29.0,49388.0,19164.749090909096,14.6,61700.0,10327.2412371134,1,52318.9,0,75637,35,36,9,0,7,36.5,9622,0.45,0.59,154,3475,3529,0,1,0,0,0,0,0,0,0.0,27,1994,7,5,137053.57333333336,1,0
50460,60,841,14.6,22927.5,6392.972093023257,800.0,51971.4,37570.627906976755,19,24,32.6,22927.5,8327.073684210525,14.6,15000.0,4861.808333333334,1,41531.0,1,75637,35,36,9,0,7,36.5,9622,0.45,0.59,154,3475,3529,0,1,0,0,0,0,0,0,0.0,46,1994,7,16,34362.225000000006,1,0
260028,36,7223,14.6,65008.0,12514.357142857149,200.0,124900.7,50676.81987577646,47,114,150.1,65008.0,22177.26170212766,14.6,51700.0,8530.528070175435,1,69850.9,0,75637,35,36,9,0,7,36.5,9622,0.45,0.59,154,3475,3529,0,1,0,0,0,0,0,0,0.0,18,1995,10,28,91582.34090909096,1,0
137904,24,5746,29.4,11878.0,6363.316666666666,600.0,43259.7,26886.19166666667,9,3,29.4,11878.0,6195.533333333334,3500.0,9000.0,6866.666666666667,1,35159.7,0,75637,35,36,9,0,7,36.5,9622,0.45,0.59,154,3475,3529,0,1,0,0,0,0,0,0,0.0,27,1995,11,28,25453.266666666663,1,1
75624,24,3151,50.5,49887.0,13406.739130434782,400.0,89754.8,50009.90869565218,15,8,50.5,49887.0,11677.0,3200.0,31100.0,16650.0,1,41954.8,0,387570,0,0,0,1,1,100.0,9897,1.6,1.96,140,18721,18696,0,0,0,0,0,0,1,0,0.0,35,1993,12,23,51392.5,1,1
208128,48,4336,14.6,47493.0,9442.159375,-1069.7,96064.0,36369.97499999999,29,35,30.9,47493.0,11823.668965517241,14.6,36500.0,7468.908571428573,1,81474.6,0,387570,0,0,0,1,1,100.0,9897,1.6,1.96,140,18721,18696,0,0,0,0,0,0,1,0,0.0,42,1994,7,24,43164.15714285714,1,1
23052,12,1921,14.6,24000.0,3618.326315789472,700.0,54321.8,23771.96608187134,48,123,34.7,20812.0,6742.349999999999,14.6,24000.0,2399.1951219512193,2,28531.7,1,387570,0,0,0,1,1,100.0,9897,1.6,1.96,140,18721,18696,0,0,0,0,0,0,1,0,0.0,53,1994,9,28,32564.936842105246,1,0
100980,60,1683,14.6,22900.0,5261.0485714285705,600.0,53376.7,35614.74428571429,27,43,75.7,20922.0,7692.799999999999,14.6,22900.0,3734.134883720931,1,47137.7,0,387570,0,0,0,1,1,100.0,9897,1.6,1.96,140,18721,18696,0,0,0,0,0,0,1,0,0.0,29,1994,12,21,30689.449999999997,1,0
113796,36,3161,100.0,28446.0,6453.251388888889,500.0,58022.1,36840.57361111111,25,47,104.9,28446.0,9973.764000000001,100.0,21074.0,4580.63829787234,2,34054.0,0,387570,0,0,0,1,1,100.0,9897,1.6,1.96,140,18721,18696,0,0,0,0,0,0,1,0,0.0,24,1995,11,22,42239.46363636363,1,0
56100,60,935,14.6,13986.0,3856.6014705882358,1000.0,45346.1,20158.00147058824,28,40,43.6,13986.0,4958.146428571429,14.6,10700.0,3085.5200000000004,1,15407.2,0,387570,0,0,0,1,1,100.0,9897,1.6,1.96,140,18721,18696,0,0,0,0,0,0,1,0,0.0,37,1996,2,20,20172.992307692308,1,0
11400,12,950,14.6,10734.0,2434.2441558441565,300.0,39514.1,27533.66363636363,29,48,24.1,10734.0,3711.3310344827587,14.6,6700.0,1662.6708333333333,1,27820.2,1,387570,0,0,0,1,1,100.0,9897,1.6,1.96,140,18721,18696,0,0,0,0,0,0,1,0,0.0,16,1996,7,25,17039.709090909095,1,0
179328,48,3736,14.6,34960.0,8935.784615384613,200.0,81614.7,44093.971153846156,21,31,35.6,34960.0,11922.27619047619,14.6,23040.0,6912.67741935484,1,36074.7,0,387570,0,0,0,1,1,100.0,9897,1.6,1.96,140,18721,18696,0,0,0,0,0,0,1,0,0.0,23,1996,11,28,51628.97777777776,1,0
253200,60,4220,30.0,46304.0,11912.358536585367,800.0,104417.9,47302.546341463436,21,20,69.5,46304.0,13560.890476190476,30.0,42600.0,10181.4,1,81150.6,1,139012,59,41,8,3,10,61.9,8363,2.52,3.49,108,2564,2799,0,0,1,0,0,0,0,0,0.0,43,1994,1,20,61050.8375,1,0
91632,12,7636,14.6,26378.0,6304.1057142857135,700.0,64577.8,40976.942857142836,27,43,54.1,26378.0,8784.244444444443,14.6,18300.0,4746.809302325582,2,33061.9,1,139012,59,41,8,3,10,61.9,8363,2.52,3.49,108,2564,2799,0,0,1,0,0,0,0,0,0.0,31,1994,3,8,40117.03636363636,1,0
199680,60,3328,14.6,29954.0,7353.527027027026,500.0,62238.8,33658.61756756758,28,46,20.2,29954.0,10072.949999999999,14.6,22637.0,5698.2260869565225,1,19924.0,0,139012,59,41,8,3,10,61.9,8363,2.52,3.49,108,2564,2799,0,0,1,0,0,0,0,0,0.0,45,1994,12,11,41858.538461538454,1,0
158976,48,3312,14.6,48358.0,8573.476923076925,600.0,130293.2,49916.091025641086,52,104,74.4,48358.0,13041.749999999998,14.6,37300.0,6339.340384615382,1,18879.4,0,139012,59,41,8,3,10,61.9,8363,2.52,3.49,108,2564,2799,0,0,1,0,0,0,0,0,0.0,56,1995,4,5,83591.40000000002,1,0
27984,12,2332,30.0,47513.0,7289.584210526317,500.0,82352.4,30639.863157894713,30,46,56.9,47513.0,9539.813333333332,30.0,25700.0,5822.04347826087,1,18380.5,0,139012,59,41,8,3,10,61.9,8363,2.52,3.49,108,2564,2799,0,0,1,0,0,0,0,0,0.0,46,1995,12,11,34625.52500000001,1,0
290700,60,4845,5.1,56400.0,14274.571000000002,-2825.2,129626.3,59647.42399999998,42,58,5.1,49763.0,17131.333333333332,9.9,56400.0,12205.881034482756,1,11574.8,1,139012,59,41,8,3,10,61.9,8363,2.52,3.49,108,2564,2799,0,0,1,0,0,0,0,0,0.0,36,1996,2,21,118954.75833333335,1,1
133968,48,2791,14.6,60800.0,9939.873417721517,200.0,117458.5,46772.31518987341,23,56,61.0,49512.0,17825.64347826087,14.6,60800.0,6701.074999999999,2,34729.5,0,139012,59,41,8,3,10,61.9,8363,2.52,3.49,108,2564,2799,0,0,1,0,0,0,0,0,1.0,53,1996,7,27,98156.24999999999,1,0
141648,24,5902,55.6,42127.0,14106.122222222222,200.0,123310.1,45100.42222222222,13,5,55.6,42127.0,13177.707692307693,1800.0,34600.0,16520.0,2,88710.1,0,139012,59,41,8,3,10,61.9,8363,2.52,3.49,108,2564,2799,0,0,1,0,0,0,0,0,0.0,44,1996,8,22,42318.36666666667,1,0
72120,12,6010,14.6,54092.0,14376.881372549024,1000.0,109338.9,75686.06568627457,40,62,92.7,54092.0,19563.422500000008,14.6,50700.0,11030.72580645161,2,98631.7,1,139012,59,41,8,3,10,61.9,8363,2.52,3.49,108,2564,2799,0,0,1,0,0,0,0,0,0.0,44,1996,11,19,73322.09500000002,1,0
21072,24,878,48.5,9738.0,3164.473333333334,1100.0,33467.0,21575.68666666666,13,2,48.5,9738.0,3012.853846153846,2600.0,5700.0,4150.0,1,30867.0,1,74062,99,15,4,2,7,61.4,8114,2.38,2.62,119,1003,1181,0,0,0,0,0,1,0,0,0.0,29,1994,1,21,15822.366666666669,1,0
97224,24,4051,14.6,16257.0,3938.214285714286,1000.0,43393.0,22360.53660714285,42,70,51.9,16257.0,5482.852380952382,14.6,11700.0,3011.431428571429,2,19479.6,1,74062,99,15,4,2,7,61.4,8114,2.38,2.62,119,1003,1181,0,0,0,0,0,1,0,0,0.0,43,1995,2,23,25945.882352941175,1,0
85716,36,2381,52.5,21430.0,7206.1578947368425,800.0,52782.7,31337.25789473685,15,4,52.5,21430.0,5781.133333333332,7600.0,15900.0,12550.0,2,36516.9,0,74062,99,15,4,2,7,61.4,8114,2.38,2.62,119,1003,1181,0,0,0,0,0,1,0,0,0.0,58,1996,7,14,34229.25,1,0
108144,36,3004,14.6,60600.0,13671.429090909089,900.0,123863.4,54652.89818181817,23,32,35.7,45740.0,16822.826086956524,14.6,60600.0,11406.3625,2,21921.3,1,108871,41,29,7,2,6,62.1,8444,3.24,3.47,106,2595,2305,0,0,0,0,0,0,1,0,0.0,30,1994,1,31,107418.37142857141,1,0
177744,48,3703,3.3,45056.0,6726.888421052629,-2485.5,89733.5,26746.5252631579,36,59,10.0,45056.0,9073.402777777777,3.3,26000.0,5295.1169491525425,1,14230.7,0,108871,41,29,7,2,6,62.1,8444,3.24,3.47,106,2595,2305,0,0,0,0,0,0,1,0,0.0,22,1995,1,3,39940.89999999999,1,1
148920,60,2482,30.0,22780.0,7832.083870967742,400.0,63289.9,32435.319354838695,16,15,50.5,22338.0,8064.787499999999,30.0,22780.0,7583.866666666667,1,15278.6,0,108871,41,29,7,2,6,62.1,8444,3.24,3.47,106,2595,2305,0,0,0,0,0,0,1,0,0.0,19,1996,8,20,40465.76666666667,1,0
253512,36,7042,13.4,40419.0,11379.258620689658,300.0,111044.2,37095.84482758619,14,15,13.4,40419.0,12261.32142857143,30.0,30200.0,10556.0,1,13318.4,1,108871,41,29,7,2,6,62.1,8444,3.24,3.47,106,2595,2305,0,0,0,0,0,0,1,0,0.0,51,1996,8,28,54999.75000000001,1,1
78936,12,6578,14.6,11416.0,3259.0000000000005,900.0,40560.3,25900.319607843132,24,27,24.0,11416.0,3975.208333333334,14.6,6300.0,2622.3703703703704,1,24601.0,1,51313,34,12,3,1,4,59.2,8930,3.52,4.2,108,1328,1452,0,0,0,0,0,0,0,1,0.0,37,1994,2,6,20776.125000000004,1,0
63312,48,1319,14.6,10500.0,2011.2317073170734,500.0,31462.9,22551.77926829271,35,47,26.5,10500.0,2763.92,14.6,4600.0,1450.7191489361699,1,28553.5,1,51313,34,12,3,1,4,59.2,8930,3.52,4.2,108,1328,1452,0,0,0,0,0,0,0,1,0.0,38,1994,5,26,13743.41666666667,1,0
208320,48,4340,30.0,39060.0,9434.437647058825,200.0,82981.9,43944.88941176475,33,52,79.0,39060.0,12819.854545454547,30.0,29700.0,7286.0,2,44183.1,1,51313,34,12,3,1,4,59.2,8930,3.52,4.2,108,1328,1452,0,0,0,0,0,0,0,1,0.0,26,1994,6,1,53461.81333333334,1,0
224604,36,6239,14.6,56152.0,14537.80322580645,200.0,109178.4,57496.98924731188,34,59,32.7,56152.0,20475.04411764706,14.6,40000.0,11116.342372881352,2,40287.4,0,51313,34,12,3,1,4,59.2,8930,3.52,4.2,108,1328,1452,0,0,0,0,0,0,0,1,0.0,18,1994,8,25,84500.98125,1,0
164052,36,4557,0.4,48181.0,11809.263076923078,-2564.7,112045.6,41752.16153846152,28,37,53.7,48181.0,14078.810714285715,0.4,41400.0,10091.767567567567,1,20811.2,1,51313,34,12,3,1,4,59.2,8930,3.52,4.2,108,1328,1452,0,0,0,0,0,0,0,1,0.0,19,1994,11,19,69782.0090909091,1,1
115992,36,3222,5.4,60600.0,6214.3740157480315,200.0,107692.0,25666.40708661417,46,81,5.4,46194.0,8683.641304347828,30.0,60600.0,4812.074074074074,1,9669.5,0,51313,34,12,3,1,4,59.2,8930,3.52,4.2,108,1328,1452,0,0,0,0,0,0,0,1,0.0,57,1994,12,21,41538.18421052631,1,0
92976,24,3874,30.0,48996.0,12039.466972477063,300.0,122342.1,50436.466055045865,50,59,66.1,48996.0,13338.337999999998,30.0,45500.0,10938.728813559323,2,21531.8,1,51313,34,12,3,1,4,59.2,8930,3.52,4.2,108,1328,1452,0,0,0,0,0,0,0,1,0.0,25,1995,12,12,72905.66111111111,1,0
104712,24,4363,30.0,48996.0,12019.660185185186,300.0,119752.3,52379.12870370369,50,58,66.1,48996.0,13282.386,30.0,44800.0,10931.103448275862,2,30115.3,1,51313,34,12,3,1,4,59.2,8930,3.52,4.2,108,1328,1452,0,0,0,0,0,0,0,1,0.0,25,1995,12,12,72117.96111111112,1,0
72408,24,3017,96.5,49634.0,13997.223076923077,700.0,83619.5,45099.26153846154,9,4,96.5,49634.0,12129.322222222221,8700.0,32700.0,18200.0,1,36363.9,1,51313,34,12,3,1,4,59.2,8930,3.52,4.2,108,1328,1452,0,0,0,0,0,0,0,1,0.0,37,1996,2,12,60654.63333333333,1,1
202788,36,5633,30.0,72298.0,16141.211392405066,1100.0,139880.9,57124.26835443034,26,53,51.3,72298.0,26091.91153846154,30.0,45200.0,11259.735849056604,1,81623.6,1,51313,34,12,3,1,4,59.2,8930,3.52,4.2,108,1328,1452,0,0,0,0,0,0,0,1,0.0,42,1996,3,13,106262.97500000002,1,0
61560,12,5130,30.0,46166.0,9739.39718309859,200.0,73559.9,32967.71267605635,22,49,79.1,46166.0,16171.554545454546,30.0,30200.0,6851.489795918367,1,20051.1,0,51313,34,12,3,1,4,59.2,8930,3.52,4.2,108,1328,1452,0,0,0,0,0,0,0,1,0.0,53,1996,11,28,69149.72,1,0
300660,60,5011,14.6,48900.0,10342.530303030304,800.0,135175.2,45854.89090909087,24,42,39.4,44519.0,14927.625,14.6,48900.0,7722.476190476191,1,33918.9,0,128118,9,16,6,3,8,85.3,9317,6.49,7.07,97,6949,6872,0,0,0,1,0,0,0,0,0.0,44,1994,2,27,75845.22222222222,1,0
48624,24,2026,14.6,52900.0,12180.788034188035,200.0,134187.4,63857.2367521368,49,68,21.1,41561.0,15032.102040816324,14.6,52900.0,10126.164705882351,1,47993.6,0,128118,9,16,6,3,8,85.3,9317,6.49,7.07,97,6949,6872,0,0,0,1,0,0,0,0,0.0,33,1995,1,8,83832.48235294118,1,0
186384,48,3883,30.0,60600.0,11952.684210526313,700.0,129557.3,61578.30157894749,82,108,67.1,49424.0,13975.695121951228,30.0,60600.0,10416.694444444445,1,20960.7,0,128118,9,16,6,3,8,85.3,9317,6.49,7.07,97,6949,6872,0,0,0,1,0,0,0,0,0.0,37,1996,6,8,113550.49999999997,1,0
88440,12,7370,100.0,47976.0,14850.767741935484,200.0,103239.0,62778.09032258065,16,15,116.9,47976.0,16852.55,100.0,35100.0,12715.533333333333,2,78907.6,1,128118,9,16,6,3,8,85.3,9317,6.49,7.07,97,6949,6872,0,0,0,1,0,0,0,0,0.0,51,1996,11,6,92074.76,1,0
182628,36,5073,67.1,23204.0,8281.607692307693,500.0,52246.0,33229.1076923077,10,3,67.1,23204.0,7666.089999999999,8600.0,12600.0,10333.333333333334,1,45660.9,0,138032,67,30,4,2,5,64.6,8819,5.38,5.66,99,4063,4505,0,0,0,0,1,0,0,0,0.0,34,1994,3,1,26915.225,1,0
51696,24,2154,14.6,59600.0,13901.269607843138,600.0,124339.4,58226.50490196077,44,58,119.6,46889.0,16546.952272727274,14.6,59600.0,11894.199999999997,1,38202.2,1,323870,0,0,0,1,1,100.0,10673,4.75,5.44,100,18782,18347,0,0,0,0,1,0,0,0,1.0,26,1994,3,11,118160.79166666667,1,0
230220,36,6395,4.9,59800.0,7188.8524390243865,-2719.7,130801.0,27658.487804878067,38,44,4.9,47953.0,7839.626315789475,6.8,59800.0,6626.820454545454,1,6325.5,1,323870,0,0,0,1,1,100.0,10673,4.75,5.44,100,18782,18347,0,0,0,0,1,0,0,0,0.0,51,1994,9,29,58948.58999999997,1,1
59760,24,2490,14.6,34557.0,8295.155555555553,300.0,69643.1,40204.4648148148,22,32,19.5,34557.0,11115.263636363636,14.6,21440.0,6356.331250000001,2,41133.1,0,323870,0,0,0,1,1,100.0,10673,4.75,5.44,100,18782,18347,0,0,0,0,1,0,0,0,0.0,35,1994,11,4,44793.83999999999,1,0
140400,36,3900,14.6,63200.0,10991.504444444443,400.0,115000.2,43563.61999999999,22,23,100.9,44739.0,11883.85,14.6,63200.0,10137.956521739132,1,28271.8,0,323870,0,0,0,1,1,100.0,10673,4.75,5.44,100,18782,18347,0,0,0,0,1,0,0,0,0.0,53,1994,11,6,41218.141666666656,1,0
398640,60,6644,30.0,59793.0,16552.96279069768,400.0,121689.5,63383.57558139535,34,52,32.1,59793.0,21806.935294117644,30.0,48100.0,13117.673076923076,1,59316.9,1,323870,0,0,0,1,1,100.0,10673,4.75,5.44,100,18782,18347,0,0,0,0,1,0,0,0,0.0,34,1994,12,20,88972.17500000002,1,0
221280,48,4610,30.0,50178.0,11891.501408450704,1100.0,106144.8,37596.93239436623,25,46,69.5,50178.0,17512.224,30.0,32300.0,8836.760869565218,2,31314.7,0,323870,0,0,0,1,1,100.0,10673,4.75,5.44,100,18782,18347,0,0,0,0,1,0,0,0,0.0,26,1995,2,8,70358.05,1,0
151728,48,3161,0.8,48906.0,8289.664912280701,-669.7,82784.6,30491.098245614015,28,29,9.8,48906.0,8910.703571428572,0.8,27000.0,7690.041379310345,1,26488.7,0,323870,0,0,0,1,1,100.0,10673,4.75,5.44,100,18782,18347,0,0,0,0,1,0,0,0,0.0,18,1995,2,11,59063.862499999996,1,1
104712,24,4363,14.6,56400.0,11980.312565445032,400.0,147603.2,57357.84345549748,72,119,83.9,49831.0,16041.951388888885,14.6,56400.0,9522.850420168068,1,21801.2,0,323870,0,0,0,1,1,100.0,10673,4.75,5.44,100,18782,18347,0,0,0,0,1,0,0,0,0.0,50,1995,4,11,104010.8954545455,1,0
194880,48,4060,14.6,36536.0,8187.945132743361,300.0,71138.8,36421.42566371683,37,76,108.1,36536.0,12922.227027027027,14.6,23532.0,5883.09736842105,1,31007.0,0,323870,0,0,0,1,1,100.0,10673,4.75,5.44,100,18782,18347,0,0,0,0,1,0,0,0,0.0,15,1995,12,5,54425.75294117646,1,0
232560,48,4845,100.0,39741.0,13066.725925925924,600.0,102665.9,63188.63333333334,14,13,107.8,39741.0,14073.042857142855,100.0,37300.0,11983.0,1,41243.5,1,323870,0,0,0,1,1,100.0,10673,4.75,5.44,100,18782,18347,0,0,0,0,1,0,0,0,0.0,25,1995,12,16,70560.31999999999,1,0
380160,60,6336,14.6,62500.0,15887.993577981657,1100.0,147375.1,64777.07522935782,47,62,88.4,48887.0,18684.478723404252,14.6,62500.0,13768.077419354833,1,24549.6,0,323870,0,0,0,1,1,100.0,10673,4.75,5.44,100,18782,18347,0,0,0,0,1,0,0,0,0.0,46,1996,2,29,96210.6277777778,1,0
55368,24,2307,14.6,48139.0,8702.475510204076,200.0,113350.7,46061.31938775505,47,51,27.2,48139.0,9204.863829787235,14.6,34100.0,8239.490196078432,1,12414.4,1,197099,29,41,10,2,10,74.7,9624,1.6,2.31,145,4484,4265,0,0,0,0,0,0,1,0,0.0,54,1994,3,15,77531.1454545454,1,0
227880,36,6330,14.6,64600.0,8156.793975903611,1100.0,153213.7,45134.72168674696,45,38,24.3,49115.0,8119.22888888889,14.6,64600.0,8201.27894736842,2,53716.6,1,197099,29,41,10,2,10,74.7,9624,1.6,2.31,145,4484,4265,0,0,0,0,0,0,1,0,0.0,38,1994,10,12,56417.824999999975,1,0
47304,24,1971,14.6,59900.0,13867.846706586832,400.0,148093.0,68740.02335329348,76,91,38.3,49060.0,15647.294736842105,14.6,59900.0,12381.714285714283,1,62458.3,0,197099,29,41,10,2,10,74.7,9624,1.6,2.31,145,4484,4265,0,0,0,0,0,0,1,0,0.0,23,1995,4,10,144745.65000000005,1,0
33984,48,708,14.6,20196.0,4598.144285714286,600.0,55077.5,38587.76000000001,36,34,18.2,20196.0,5087.997222222222,14.6,14700.0,4079.4764705882358,1,44465.4,0,197099,29,41,10,2,10,74.7,9624,1.6,2.31,145,4484,4265,0,0,0,0,0,0,1,0,0.0,23,1995,8,26,29260.91818181818,1,0
188688,48,3931,14.6,35378.0,10873.772727272726,400.0,71255.7,42203.17272727273,12,10,70.0,35378.0,10950.116666666667,14.6,24500.0,10782.16,1,23579.7,1,197099,29,41,10,2,10,74.7,9624,1.6,2.31,145,4484,4265,0,0,0,0,0,0,1,0,0.0,30,1995,9,9,47844.59999999999,1,0
360000,48,7500,0.3,73228.0,14897.402205882352,600.0,126072.0,51149.65514705883,57,79,94.6,73228.0,18340.45789473684,0.3,59500.0,12413.172151898736,1,64765.2,1,197099,29,41,10,2,10,74.7,9624,1.6,2.31,145,4484,4265,0,0,0,0,0,0,1,0,0.0,23,1996,6,13,112558.15,1,0
444864,48,9268,14.6,25862.0,6433.1765625,800.0,62903.5,32404.773437499996,27,37,50.4,25862.0,8397.544444444446,14.6,16300.0,4999.71891891892,2,41743.9,0,197099,29,41,10,2,10,74.7,9624,1.6,2.31,145,4484,4265,0,0,0,0,0,0,1,0,0.0,32,1996,7,23,37429.39090909091,1,0
85632,48,1784,14.6,60800.0,15232.292941176469,800.0,156504.1,65066.73529411768,38,47,135.9,49917.0,18351.10263157895,14.6,60800.0,12710.702127659571,1,99938.7,1,197099,29,41,10,2,10,74.7,9624,1.6,2.31,145,4484,4265,0,0,0,0,0,0,1,0,0.0,47,1996,8,11,80921.55625,1,0
96168,12,8014,24.8,53500.0,8240.56174496644,600.0,138010.1,50492.688590603946,84,65,24.8,46253.0,7330.079761904763,30.0,53500.0,9417.184615384615,1,3609.3,1,197099,29,41,10,2,10,74.7,9624,1.6,2.31,145,4484,4265,0,0,0,0,0,0,1,0,0.0,24,1996,9,26,61392.18499999998,1,0
372120,60,6202,14.6,63300.0,15182.096511627913,500.0,128495.4,64044.04593023261,71,101,27.1,48768.0,18717.61408450704,14.6,63300.0,12696.732673267326,2,46580.5,0,197099,29,41,10,2,10,74.7,9624,1.6,2.31,145,4484,4265,0,0,0,0,0,0,1,0,0.0,51,1996,10,29,124348.60000000005,1,0
276300,60,4605,14.6,8888.0,3104.776086956522,500.0,40755.0,25997.563043478272,45,47,23.2,8888.0,3480.195555555556,14.6,5760.0,2745.331914893618,1,27578.1,0,197099,29,41,10,2,10,74.7,9624,1.6,2.31,145,4484,4265,0,0,0,0,0,0,1,0,0.0,20,1996,11,12,19042.626666666667,1,0
91200,24,3800,14.6,34198.0,9999.522222222224,700.0,76736.9,32558.533333333333,18,18,16.0,34198.0,10908.277777777777,14.6,22100.0,9090.766666666668,2,32715.3,1,119895,17,4,3,2,4,89.9,10446,7.34,9.4,90,4947,4743,0,0,0,1,0,0,0,0,0.0,38,1994,3,16,51426.11428571429,1,0
215388,36,5983,18.0,49757.0,6110.860000000001,1000.0,50757.0,32702.726666666666,10,5,18.0,49757.0,6116.29,2600.0,11400.0,6100.0,1,30662.8,0,119895,17,4,3,2,4,89.9,10446,7.34,9.4,90,4947,4743,0,0,0,1,0,0,0,0,0.0,34,1994,5,2,18332.58,1,1
73836,36,2051,19.1,44281.0,16708.05789473684,900.0,129607.8,55315.16842105263,14,5,19.1,44281.0,13746.65,20100.0,37000.0,25000.0,1,67453.1,1,119895,17,4,3,2,4,89.9,10446,7.34,9.4,90,4947,4743,0,0,0,1,0,0,0,0,0.0,28,1995,10,31,52908.85,1,0
73056,48,1522,14.6,8538.0,2445.3274509803928,500.0,33555.4,23255.149019607838,23,28,15.7,8538.0,3179.5086956521745,14.6,7100.0,1842.2499999999998,2,21545.7,0,119895,17,4,3,2,4,89.9,10446,7.34,9.4,90,4947,4743,0,0,0,1,0,0,0,0,0.0,24,1995,11,23,13856.855555555558,1,0
123408,24,5142,67.5,46000.0,5789.864615384616,700.0,85626.9,28359.255384615382,25,40,67.5,46000.0,7693.968000000001,100.0,27400.0,4599.8,1,8357.1,0,119895,17,4,3,2,4,89.9,10446,7.34,9.4,90,4947,4743,0,0,0,1,0,0,0,0,1.0,32,1996,12,11,31361.766666666666,1,0
7656,24,319,9.2,31677.0,6436.609876543208,600.0,73069.1,46444.63950617286,36,45,9.2,31677.0,7746.088888888888,14.6,21700.0,5389.026666666668,2,36353.1,1,78955,50,24,8,1,9,59.0,9060,1.78,2.44,124,1655,1717,0,0,1,0,0,0,0,0,0.0,31,1994,3,30,47396.85454545453,1,0
158760,60,2646,14.6,23810.0,4654.089156626504,900.0,59898.4,24908.761445783133,55,111,17.0,23810.0,7197.82909090909,14.6,17200.0,3393.677477477477,1,19182.3,0,78955,50,24,8,1,9,59.0,9060,1.78,2.44,124,1655,1717,0,0,1,0,0,0,0,0,0.0,17,1995,5,30,35117.21818181816,1,0
181020,60,3017,14.6,27150.0,7273.759139784944,500.0,60475.3,34005.90645161289,37,56,52.9,27150.0,9716.021621621625,14.6,19900.0,5660.121428571429,2,42526.0,1,78955,50,24,8,1,9,59.0,9060,1.78,2.44,124,1655,1717,0,0,1,0,0,0,0,0,0.0,30,1996,9,16,39791.741176470576,1,0
212400,36,5900,30.0,48828.0,11301.5661971831,300.0,133215.2,51034.36197183098,31,40,71.5,48828.0,13977.941935483874,30.0,42900.0,9227.375,1,64221.1,1,85852,41,23,4,2,4,59.8,8965,7.08,8.23,104,2653,2822,0,0,0,1,0,0,0,0,0.0,27,1994,3,31,66867.6,1,0
87360,24,3640,14.6,49341.0,8145.613333333334,200.0,69174.6,36783.95,16,14,63.3,49341.0,8544.574999999999,14.6,22800.0,7689.657142857143,1,29057.9,0,85852,41,23,4,2,4,59.8,8965,7.08,8.23,104,2653,2822,0,0,0,1,0,0,0,0,0.0,31,1994,6,7,24436.840000000004,1,0
23628,12,1969,1.7,43694.0,9915.672727272728,1000.0,140228.7,47420.84181818185,49,61,1.7,43694.0,11783.88163265306,14.6,35200.0,8414.98032786885,1,64096.3,0,85852,41,23,4,2,4,59.8,8965,7.08,8.23,104,2653,2822,0,0,0,1,0,0,0,0,0.0,40,1994,9,10,64160.23529411765,1,0
20832,48,434,14.6,19700.0,2499.068211920529,500.0,41997.9,21368.909933774863,47,104,26.0,13251.0,4204.593617021276,14.6,19700.0,1728.3019230769237,1,17872.5,0,85852,41,23,4,2,4,59.8,8965,7.08,8.23,104,2653,2822,0,0,0,1,0,0,0,0,0.0,46,1995,2,2,22197.605882352935,1,0
71064,36,1974,14.6,22908.0,4896.447674418605,700.0,55373.3,34577.30232558138,29,57,32.3,22908.0,7801.575862068966,14.6,13600.0,3418.400000000001,1,31397.0,1,85852,41,23,4,2,4,59.8,8965,7.08,8.23,104,2653,2822,0,0,0,1,0,0,0,0,0.0,48,1995,5,29,35091.208333333336,1,0
123216,48,2567,14.6,59200.0,12136.382031250001,700.0,138433.7,70622.83359375004,48,80,54.9,48959.0,16989.97708333333,14.6,59200.0,9224.224999999997,2,77580.8,1,85852,41,23,4,2,4,59.8,8965,7.08,8.23,104,2653,2822,0,0,0,1,0,0,0,0,0.0,18,1996,2,24,86303.16111111111,1,0
176148,36,4893,34.9,34881.0,17599.438461538462,1100.0,83783.4,47154.5,9,4,34.9,34881.0,15688.077777777777,5600.0,30400.0,21900.0,1,53592.6,1,85852,41,23,4,2,4,59.8,8965,7.08,8.23,104,2653,2822,0,0,0,1,0,0,0,0,0.0,32,1996,6,6,57198.175,1,0
96768,36,2688,13.4,64100.0,13244.225757575754,900.0,117830.9,51611.34242424239,28,38,13.4,48172.0,16277.060714285717,14.6,64100.0,11009.505263157893,2,37396.4,1,85852,41,23,4,2,4,59.8,8965,7.08,8.23,104,2653,2822,0,0,0,1,0,0,0,0,0.0,28,1996,7,25,79465.35454545452,1,0
167100,60,2785,14.6,49980.0,14332.407594936705,1100.0,143605.7,63707.62658227849,33,46,91.4,49980.0,17751.066666666666,14.6,49200.0,11879.891304347824,2,39310.2,1,145688,22,41,13,2,5,40.7,8544,1.29,1.86,109,2719,2906,0,0,0,0,0,0,1,0,0.0,24,1994,4,6,113226.01999999997,1,0
37908,12,3159,14.1,28431.0,7485.496052631577,800.0,69530.4,42164.027631578945,31,45,14.1,28431.0,9919.538709677418,14.6,22479.0,5808.711111111113,1,46113.5,1,145688,22,41,13,2,5,40.7,8544,1.29,1.86,109,2719,2906,0,0,0,0,0,0,1,0,0.0,19,1995,10,31,40635.54999999999,1,0
320592,48,6679,14.6,60108.0,13875.417045454547,500.0,117827.8,60781.306818181794,30,58,91.6,60108.0,21503.089999999993,14.6,46600.0,9930.06896551724,2,69148.6,1,145688,22,41,13,2,5,40.7,8544,1.29,1.86,109,2719,2906,0,0,0,0,0,0,1,0,1.0,25,1996,5,18,81402.44666666668,1,0
192744,36,5354,14.6,49871.0,15435.05769230769,200.0,128778.8,62590.42307692309,13,13,16.8,49871.0,16504.253846153846,14.6,34100.0,14365.861538461539,2,27799.1,0,145688,22,41,13,2,5,40.7,8544,1.29,1.86,109,2719,2906,0,0,0,0,0,0,1,0,0.0,32,1996,10,31,133770.49999999997,1,0
46176,48,962,64.5,18109.0,8573.594117647057,1000.0,54705.1,33613.10588235293,11,6,64.5,18109.0,8385.281818181818,700.0,13400.0,8918.833333333334,1,38725.1,0,145688,22,41,13,2,5,40.7,8544,1.29,1.86,109,2719,2906,0,0,0,0,0,0,1,0,0.0,30,1996,11,15,29150.219999999994,1,0
182640,48,3805,11.5,34246.0,9227.599999999999,600.0,64411.8,37802.23000000001,17,23,11.5,34246.0,11558.89411764706,14.6,23900.0,7504.469565217392,1,23898.3,1,145688,22,41,13,2,5,40.7,8544,1.29,1.86,109,2719,2906,0,0,0,0,0,0,1,0,0.0,54,1996,11,25,52729.14285714285,1,0
65184,12,5432,14.6,48891.0,11972.67682926829,900.0,102410.3,47426.549999999974,30,52,21.6,48891.0,17495.916666666668,14.6,39900.0,8786.192307692305,1,67995.4,0,75232,55,26,4,1,5,41.7,8980,1.95,2.21,111,2824,2813,0,1,0,0,0,0,0,0,0.0,36,1994,4,18,70125.67857142855,1,0
270384,48,5633,14.6,50696.0,12403.506896551722,700.0,91294.4,47654.24482758614,32,55,25.6,50696.0,17764.690625,14.6,30800.0,9284.272727272724,1,57835.1,0,75232,55,26,4,1,5,41.7,8980,1.95,2.21,111,2824,2813,0,1,0,0,0,0,0,0,0.0,34,1996,8,6,77078.9357142857,1,0
193968,36,5388,52.4,54200.0,16951.03448275862,800.0,120567.3,63579.21724137932,20,9,52.4,41783.0,14309.0,100.0,54200.0,22822.222222222223,1,80780.0,0,226122,32,50,7,4,4,62.6,8994,3.8,4.79,110,9672,9208,0,0,0,0,1,0,0,0,0.0,21,1994,5,10,81929.99999999999,1,0
45768,12,3814,24.2,36574.0,5645.466666666667,800.0,78327.5,32555.81851851852,22,5,24.2,36574.0,4701.254545454545,1000.0,23900.0,9800.0,1,54427.5,1,226122,32,50,7,4,4,62.6,8994,3.8,4.79,110,9672,9208,0,0,0,0,1,0,0,0,0.0,17,1994,8,23,19053.45,1,0
137880,60,2298,30.0,20848.0,6024.032584269662,200.0,52658.4,24523.07303370786,38,51,30.5,20684.0,7317.181578947369,30.0,20848.0,5060.509803921569,1,19966.8,0,226122,32,50,7,4,4,62.6,8994,3.8,4.79,110,9672,9208,0,0,0,0,1,0,0,0,0.0,31,1995,1,14,35742.59333333333,1,1
309552,48,6449,14.6,58041.0,17429.002857142856,700.0,121713.2,56105.49999999996,16,19,55.7,58041.0,20681.706250000003,14.6,50600.0,14689.884210526317,1,51799.4,0,226122,32,50,7,4,4,62.6,8994,3.8,4.79,110,9672,9208,0,0,0,0,1,0,0,0,0.0,60,1995,9,16,87145.01428571428,1,0
217152,36,6032,4.4,54286.0,12666.78245614035,400.0,109774.3,49107.06666666669,21,36,4.4,54286.0,18197.28571428571,14.6,34200.0,9440.655555555555,1,42279.3,0,226122,32,50,7,4,4,62.6,8994,3.8,4.79,110,9672,9208,0,0,0,0,1,0,0,0,1.0,21,1995,12,4,72200.66,1,0
309600,48,6450,30.0,58052.0,16045.607142857141,400.0,112363.1,58185.589285714275,22,34,64.8,58052.0,21228.227272727272,30.0,34700.0,12692.14705882353,1,35488.1,0,226122,32,50,7,4,4,62.6,8994,3.8,4.79,110,9672,9208,0,0,0,0,1,0,0,0,0.0,20,1995,12,31,81686.72727272726,1,0
161496,36,4486,8.0,64900.0,6844.426923076923,500.0,113865.5,33219.90000000003,52,78,8.0,42094.0,8837.951923076924,30.0,64900.0,5515.410256410257,1,29371.5,0,226122,32,50,7,4,4,62.6,8994,3.8,4.79,110,9672,9208,0,0,0,0,1,0,0,0,0.0,24,1996,5,24,44488.775,1,0
187104,24,7796,2.5,49500.0,19621.447999999997,300.0,137193.5,66292.37199999999,16,9,2.5,43502.0,18044.1875,14.6,49500.0,22425.466666666667,1,86877.7,1,226122,32,50,7,4,4,62.6,8994,3.8,4.79,110,9672,9208,0,0,0,0,1,0,0,0,0.0,19,1996,7,28,122634.04999999999,1,0
29448,12,2454,63.8,22090.0,8271.872727272728,800.0,43790.6,28977.436363636363,9,2,63.8,22090.0,7487.844444444445,9700.0,13900.0,11800.0,1,43790.6,0,226122,32,50,7,4,4,62.6,8994,3.8,4.79,110,9672,9208,0,0,0,0,1,0,0,0,0.0,48,1996,9,11,30330.2,1,1
155616,48,3242,14.6,36960.0,4895.974418604649,200.0,75294.1,44197.50988372092,70,102,23.7,26388.0,6448.582857142858,14.6,36960.0,3830.458823529411,2,60694.1,1,226122,32,50,7,4,4,62.6,8994,3.8,4.79,110,9672,9208,0,0,0,0,1,0,0,0,0.0,25,1996,12,12,38277.618181818165,1,0
24312,12,2026,14.6,24322.0,4949.474358974358,1100.0,48277.9,29380.83974358974,37,41,35.5,18231.0,5601.632432432431,14.6,24322.0,4360.941463414635,1,28461.9,1,93931,74,21,10,1,8,56.9,8427,1.12,1.54,107,1874,1913,0,0,0,0,0,1,0,0,0.0,38,1994,5,11,27575.64285714285,1,0
170256,24,7094,14.6,36552.0,9089.424675324672,200.0,79869.8,40091.18311688309,31,46,83.9,36552.0,11986.912903225808,14.6,29300.0,7136.769565217392,1,43302.8,1,93931,74,21,10,1,8,56.9,8427,1.12,1.54,107,1874,1913,0,0,0,0,0,1,0,0,0.0,29,1994,10,30,49991.83571428569,1,0
60156,36,1671,14.6,53600.0,15972.280357142854,400.0,159712.8,72667.63571428569,26,30,15.9,49767.0,18483.85769230769,14.6,53600.0,13795.579999999998,1,66712.8,0,93931,74,21,10,1,8,56.9,8427,1.12,1.54,107,1874,1913,0,0,0,0,0,1,0,0,0.0,19,1995,11,12,127778.24285714283,1,1
165960,24,6915,14.6,62235.0,12822.353600000004,700.0,107069.6,52523.24480000004,37,88,57.8,62235.0,21979.508108108108,14.6,41400.0,8972.18636363636,1,23689.2,1,93931,74,21,10,1,8,56.9,8427,1.12,1.54,107,1874,1913,0,0,0,0,0,1,0,0,0.0,51,1996,5,2,89044.12222222224,1,0
22968,36,638,16.3,8200.0,4184.636363636364,1000.0,38831.0,23324.936363636363,10,1,16.3,8200.0,4243.1,3600.0,3600.0,3600.0,1,38831.0,1,93931,74,21,10,1,8,56.9,8427,1.12,1.54,107,1874,1913,0,0,0,0,0,1,0,0,0.0,46,1996,10,23,15343.666666666666,1,0
115812,36,3217,14.6,50800.0,13280.084677419358,1100.0,119527.2,56646.516129032294,51,73,51.1,49887.0,16554.9862745098,14.6,50800.0,10992.139726027393,1,41878.1,0,93931,74,21,10,1,8,56.9,8427,1.12,1.54,107,1874,1913,0,0,0,0,0,1,0,0,0.0,43,1996,12,25,91485.02777777781,1,0
272520,60,4542,13.3,56700.0,10778.345238095239,1100.0,121891.4,44602.641666666634,34,50,13.3,42400.0,13755.75294117647,14.6,56700.0,8753.707999999999,2,30009.9,0,92084,55,29,4,3,5,46.7,10124,0.56,0.54,141,3810,4316,0,1,0,0,0,0,0,0,0.0,54,1994,5,17,90538.1,1,0
172080,48,3585,14.6,45518.0,11368.769047619046,200.0,119138.8,60743.95714285715,25,17,19.3,45518.0,10713.956,14.6,40100.0,12331.729411764707,1,58091.4,1,92084,55,29,4,3,5,46.7,10124,0.56,0.54,141,3810,4316,0,1,0,0,0,0,0,0,0.0,37,1994,8,7,79581.38333333332,1,0
98592,24,4108,68.7,36975.0,10807.380769230771,900.0,78713.7,54128.56538461536,13,13,68.7,36975.0,12494.76153846154,100.0,24500.0,9120.0,1,43871.9,1,92084,55,29,4,3,5,46.7,10124,0.56,0.54,141,3810,4316,0,1,0,0,0,0,0,0,0.0,31,1995,7,10,56198.380000000005,1,0
155616,48,3242,14.6,29176.0,9151.153333333332,300.0,62153.6,39426.06999999999,16,14,35.6,29176.0,9343.175,14.6,21800.0,8931.7,1,24447.1,1,92084,55,29,4,3,5,46.7,10124,0.56,0.54,141,3810,4316,0,1,0,0,0,0,0,0,0.0,37,1996,12,4,39219.22857142857,1,0
97632,12,8136,14.6,73224.0,15218.433846153843,1100.0,119900.1,53379.127692307724,20,45,46.7,73224.0,25763.21,14.6,54700.0,10531.866666666665,1,41330.1,1,103347,87,16,7,1,7,67.0,9104,1.51,2.07,123,2299,2354,0,0,0,0,0,1,0,0,0.0,25,1994,5,21,109910.91111111108,1,0
191880,60,3198,14.6,59200.0,12113.75517241379,400.0,128539.4,53685.78620689651,35,52,71.8,46829.0,16177.397142857148,14.6,59200.0,9378.611538461537,1,78521.0,0,103347,87,16,7,1,7,67.0,9104,1.51,2.07,123,2299,2354,0,0,0,0,0,1,0,0,0.0,46,1995,12,12,131737.08749999997,1,0
30276,12,2523,14.6,22708.0,5028.0456521739125,1000.0,58621.4,31318.87282608695,58,34,44.8,22708.0,4202.679310344828,14.6,18500.0,6436.0235294117665,1,24930.3,1,103347,87,16,7,1,7,67.0,9104,1.51,2.07,123,2299,2354,0,0,0,0,0,1,0,0,0.0,57,1996,4,29,38548.35,1,1
30276,12,2523,14.6,22708.0,5856.299999999998,715.0,58157.5,25197.09249999999,46,34,47.1,22708.0,5264.765217391303,14.6,18200.0,6656.611764705884,1,15854.0,1,103347,87,16,7,1,7,67.0,9104,1.51,2.07,123,2299,2354,0,0,0,0,0,1,0,0,0.0,57,1996,4,29,39041.99999999999,1,1
196080,48,4085,14.6,46888.0,10472.497872340426,900.0,97457.4,49143.96595744681,20,27,123.9,46888.0,14476.62,14.6,35700.0,7506.481481481483,1,86857.4,0,87419,21,11,4,3,9,85.5,8624,1.79,2.66,102,2879,3198,0,0,0,0,0,0,0,1,0.0,35,1994,5,22,70315.34285714285,1,0
74688,12,6224,14.6,56019.0,11551.496428571432,1100.0,104902.4,48484.62410714285,49,63,96.1,56019.0,13496.946938775513,14.6,38400.0,10038.368253968252,2,28933.3,1,87419,21,11,4,3,9,85.5,8624,1.79,2.66,102,2879,3198,0,0,0,0,0,0,0,1,0.0,49,1994,8,11,80860.47500000002,1,0
76908,12,6409,14.6,52200.0,12928.499019607845,1100.0,126002.8,52890.40392156865,42,60,17.0,47434.0,15876.135714285716,14.6,52200.0,10865.15333333333,1,14888.6,1,149893,63,29,6,2,6,67.4,9753,4.64,5.05,109,5244,5892,0,1,0,0,0,0,0,0,0.0,48,1994,5,26,87913.79333333335,1,1
189060,60,3151,100.0,60016.0,17833.45,200.0,101793.6,72242.8966666667,14,16,100.5,60016.0,21569.60714285714,100.0,40300.0,14564.3125,1,68945.6,1,149893,63,29,6,2,6,67.4,9753,4.64,5.05,109,5244,5892,0,1,0,0,0,0,0,0,0.0,36,1995,5,24,89167.25,1,0
402000,60,6700,14.6,9500.0,3029.8888888888896,200.0,35650.8,21568.935185185193,29,25,34.9,9500.0,3118.0344827586205,14.6,9100.0,2927.64,1,17232.1,0,149893,63,29,6,2,6,67.4,9753,4.64,5.05,109,5244,5892,0,1,0,0,0,0,0,0,0.0,16,1996,8,25,18179.333333333336,1,0
25944,24,1081,14.6,36289.5,10704.751351351351,600.0,80155.2,56927.45405405403,19,18,65.4,36289.5,12249.336842105264,14.6,29900.0,9074.355555555558,1,69398.9,1,118650,8,8,5,1,3,85.6,9832,3.32,4.48,114,6445,5471,0,0,0,1,0,0,0,0,0.0,34,1994,5,26,49509.475,1,0
198240,24,8260,43.0,19455.0,7546.887500000001,300.0,51947.2,30953.143750000003,11,5,43.0,19455.0,7095.2,2000.0,13000.0,8540.6,1,35344.2,0,118650,8,8,5,1,3,85.6,9832,3.32,4.48,114,6445,5471,0,0,0,1,0,0,0,0,0.0,39,1995,6,24,30187.550000000003,1,0
104808,12,8734,14.6,25970.0,6642.553333333333,500.0,57865.3,38709.829999999994,12,18,19.5,25970.0,9470.5,14.6,16400.0,4757.2555555555555,2,28015.4,0,125832,151,41,2,3,5,48.3,8512,3.51,4.12,102,2247,2103,0,0,0,0,0,0,1,0,0.0,54,1994,5,31,39855.32,1,0
151560,24,6315,14.6,56835.0,16935.55357142857,300.0,97912.7,53976.29285714283,13,15,59.9,56835.0,19058.40769230769,14.6,37200.0,15095.746666666668,1,21323.2,0,125832,151,41,2,3,5,48.3,8512,3.51,4.12,102,2247,2103,0,0,0,0,0,0,1,0,0.0,41,1994,6,3,79032.58333333331,1,0
79632,24,3318,112.5,66165.0,24948.65625,900.0,119373.5,63494.200000000004,10,6,112.5,66165.0,24446.25,9516.0,64300.0,25786.0,1,89746.5,1,125832,151,41,2,3,5,48.3,8512,3.51,4.12,102,2247,2103,0,0,0,0,0,0,1,0,0.0,35,1994,8,27,99794.625,1,0
465072,48,9689,14.6,42880.0,8579.53495145631,300.0,79557.6,27778.745631067963,38,65,52.0,35163.0,12116.376315789475,14.6,42880.0,6511.843076923075,2,37152.4,0,125832,151,41,2,3,5,48.3,8512,3.51,4.12,102,2247,2103,0,0,0,0,0,0,1,0,0.0,47,1995,7,9,51981.88823529411,1,0
368880,60,6148,9.7,64500.0,11574.08296703297,1100.0,151062.3,60030.74340659332,58,124,9.7,49781.0,19070.65344827586,14.6,64500.0,8067.622580645159,2,105712.4,0,125832,151,41,2,3,5,48.3,8512,3.51,4.12,102,2247,2103,0,0,0,0,0,0,1,0,0.0,21,1996,6,3,110867.5315789474,1,0
300204,36,8339,14.6,28365.0,6578.118309859154,300.0,57676.7,34084.4605633803,27,44,83.6,28365.0,9277.392592592592,14.6,18300.0,4921.745454545456,1,33811.7,0,161954,21,37,20,3,8,48.0,8720,3.73,4.5,116,3729,3651,0,0,0,0,0,0,1,0,0.0,30,1994,6,4,42458.76363636363,1,0
83016,12,6918,14.6,64400.0,13414.556632653064,700.0,136436.6,67891.93520408162,67,129,90.2,48883.0,20124.317910447757,14.6,64400.0,9929.641860465115,1,67405.6,0,161954,21,37,20,3,8,48.0,8720,3.73,4.5,116,3729,3651,0,0,0,0,0,0,1,0,0.0,15,1994,11,2,131462.65500000003,1,0
61056,48,1272,14.6,24372.0,5646.339062499999,900.0,55816.0,36039.05156249998,23,41,37.1,24372.0,8584.586956521738,14.6,13500.0,3998.053658536586,1,33525.3,1,161954,21,37,20,3,8,48.0,8720,3.73,4.5,116,3729,3651,0,0,0,0,0,0,1,0,0.0,37,1994,11,3,32851.42727272727,1,0
77640,12,6470,30.0,58227.0,13255.798333333332,700.0,117489.5,55570.30499999995,22,38,138.1,58227.0,18776.677272727276,30.0,35000.0,10059.5,1,30825.8,0,67298,71,19,10,0,7,43.8,8561,0.65,1.29,110,1029,1127,0,0,0,0,0,0,0,1,0.0,26,1994,6,5,79534.79,1,0
64656,48,1347,62.9,13609.0,6379.075,200.0,44749.0,25896.466666666664,9,3,62.9,13609.0,6738.766666666666,4600.0,5700.0,5300.0,2,44749.0,0,67298,71,19,10,0,7,43.8,8561,0.65,1.29,110,1029,1127,0,0,0,0,0,0,0,1,0.0,49,1996,10,10,25516.3,1,0
91584,24,3816,14.6,47906.0,15002.819354838708,1000.0,83039.4,50765.41612903225,14,17,29.4,47906.0,18390.37142857143,14.6,30600.0,12213.070588235294,1,49842.9,1,133777,24,17,7,3,11,84.7,8705,5.75,7.61,116,4650,4859,0,0,0,1,0,0,0,0,0.0,42,1994,6,25,77514.56666666667,1,0
46320,24,1930,14.6,61600.0,8064.270224719102,900.0,119892.5,43657.81348314611,48,130,28.9,49053.0,15197.843750000005,14.6,61600.0,5430.335384615382,1,23552.7,0,133777,24,17,7,3,11,84.7,8705,5.75,7.61,116,4650,4859,0,0,0,1,0,0,0,0,0.0,17,1996,6,29,84437.65294117648,1,0
244560,60,4076,14.6,36680.0,10168.945238095237,1000.0,72512.5,38426.728571428575,18,24,65.4,36680.0,12456.16111111111,14.6,24600.0,8453.533333333335,1,21326.1,1,109164,98,16,6,1,4,63.6,8757,3.38,3.95,96,2212,2471,0,0,0,0,0,0,1,0,0.0,26,1994,6,29,53386.962499999994,1,0
189300,60,3155,14.6,28413.0,5114.498039215686,800.0,61043.3,32354.031372549012,42,60,43.8,28413.0,6502.74761904762,14.6,24960.0,4142.723333333334,1,24471.4,0,109164,98,16,6,1,4,63.6,8757,3.38,3.95,96,2212,2471,0,0,0,0,0,0,1,0,0.0,40,1994,8,3,40129.13846153846,1,0
20352,48,424,14.6,12549.0,3609.741666666668,400.0,44427.9,31814.41458333332,22,26,24.4,12549.0,4421.572727272727,14.6,9600.0,2922.8076923076924,2,21281.5,1,109164,98,16,6,1,4,63.6,8757,3.38,3.95,96,2212,2471,0,0,0,0,0,0,1,0,0.0,47,1996,1,11,19251.955555555563,1,0
276660,36,7685,9.5,11600.0,3499.286206896553,500.0,32720.4,19256.89482758621,30,28,9.5,11600.0,3712.3666666666663,14.6,9800.0,3270.9857142857145,1,19783.2,0,124605,11,42,14,1,8,46.0,8772,4.69,4.98,126,2854,3158,0,0,0,0,0,0,1,0,0.0,45,1994,7,8,20295.860000000008,1,1
123696,48,2577,14.6,48476.0,8953.219672131147,300.0,89822.2,49084.381967213114,22,39,59.5,48476.0,12984.854545454546,14.6,32100.0,6678.964102564103,1,25187.2,0,124605,11,42,14,1,8,46.0,8772,4.69,4.98,126,2854,3158,0,0,0,0,0,0,1,0,0.0,54,1994,11,3,54614.63999999999,1,0
39576,12,3298,14.6,49603.0,8275.283478260868,300.0,103467.2,48944.827826086956,53,62,21.3,49603.0,9203.384905660376,14.6,38400.0,7481.906451612902,1,23901.1,1,105058,32,19,7,2,10,81.0,9272,2.8,3.22,118,4340,4505,0,0,0,1,0,0,0,0,0.0,14,1994,7,11,55979.8588235294,1,0
162468,36,4513,70.9,40614.0,15082.586666666666,700.0,83862.8,51279.553333333344,10,5,70.9,40614.0,15043.88,1100.0,34500.0,15160.0,2,74638.8,1,105058,32,19,7,2,10,81.0,9272,2.8,3.22,118,4340,4505,0,0,0,1,0,0,0,0,0.0,38,1996,7,31,56559.7,1,0
91152,24,3798,14.6,34184.0,9452.944155844154,400.0,72327.7,44829.54415584412,31,46,69.6,34184.0,12375.087096774194,14.6,26700.0,7483.673913043478,1,39378.8,0,105058,32,19,7,2,10,81.0,9272,2.8,3.22,118,4340,4505,0,0,0,1,0,0,0,0,1.0,53,1996,8,22,48525.11333333332,1,0
252060,60,4201,8.2,49937.0,11625.122950819672,900.0,106259.6,57340.50819672131,26,35,8.2,49937.0,14985.173076923076,14.6,41700.0,9129.085714285715,1,70096.5,1,110643,49,41,4,1,4,51.9,8441,3.45,4.48,115,1879,2252,0,0,0,0,0,0,1,0,0.0,28,1994,7,19,101304.64285714286,1,1
189696,24,7904,600.0,11500.0,4500.0,600.0,22500.0,14900.0,5,0,600.0,11500.0,4500.0,0.0,0.0,0.0,1,22500.0,1,110643,49,41,4,1,4,51.9,8441,3.45,4.48,115,1879,2252,0,0,0,0,0,0,1,0,0.0,24,1994,9,28,7500.0,0,1
192744,36,5354,8.8,47700.0,7643.909210526313,700.0,121508.1,37265.65526315789,33,43,8.8,41064.0,9241.760606060605,14.6,47700.0,6417.6511627906975,2,29019.1,1,110643,49,41,4,1,4,51.9,8441,3.45,4.48,115,1879,2252,0,0,0,0,0,0,1,0,0.0,23,1994,10,3,38729.139999999985,1,0
89340,60,1489,14.6,17313.0,4662.4681818181825,500.0,54020.1,39644.76363636365,20,24,31.8,17313.0,6166.780000000001,14.6,8200.0,3408.875,2,41522.6,1,110643,49,41,4,1,4,51.9,8441,3.45,4.48,115,1879,2252,0,0,0,0,0,0,1,0,0.0,24,1996,8,2,25643.575000000004,1,0
89340,60,1489,14.6,17313.0,4646.670454545455,500.0,54628.1,40005.48181818184,20,24,31.8,17313.0,6167.025000000001,14.6,8200.0,3379.7083333333335,2,42227.6,1,110643,49,41,4,1,4,51.9,8441,3.45,4.48,115,1879,2252,0,0,0,0,0,0,1,0,0.0,24,1996,8,2,25556.6875,1,0
54396,36,1511,14.6,11244.0,3853.8260869565224,800.0,42308.8,30293.708695652185,14,9,27.8,11244.0,4458.814285714286,14.6,5400.0,2912.733333333333,1,36208.8,0,110643,49,41,4,1,4,51.9,8441,3.45,4.48,115,1879,2252,0,0,0,0,0,0,1,0,0.0,57,1996,9,28,17727.600000000002,1,0
143904,24,5996,6.7,60500.0,9194.261151079138,700.0,134571.2,49727.45611510793,47,92,6.7,46108.0,14003.602127659575,14.6,60500.0,6737.315217391302,1,38336.2,0,102609,75,33,2,3,6,52.0,8187,4.83,5.45,94,2123,2134,0,0,1,0,0,0,0,0,0.0,43,1994,7,23,79875.14375,1,0
141240,24,5885,14.6,52968.0,9343.385294117643,1000.0,107784.1,57219.574509803846,27,75,105.9,52968.0,18498.09259259259,14.6,43500.0,6047.6906666666655,1,45871.6,0,102609,75,33,2,3,6,52.0,8187,4.83,5.45,94,2123,2134,0,0,1,0,0,0,0,0,0.0,32,1994,9,30,79418.77499999997,1,0
135360,48,2820,14.6,48633.0,14958.594805194805,200.0,146479.5,64881.31428571429,32,45,65.4,48633.0,18854.3875,14.6,46400.0,12188.25333333333,1,54868.9,0,102609,75,33,2,3,6,52.0,8187,4.83,5.45,94,2123,2134,0,0,1,0,0,0,0,0,1.0,20,1996,1,1,104710.16363636364,1,0
299088,36,8308,14.6,59400.0,12746.586507936514,500.0,193909.9,51992.854761904746,46,80,46.2,47189.0,17668.680434782607,14.6,59400.0,9916.382499999996,1,19448.5,1,106054,38,25,6,2,6,63.1,8110,5.77,6.55,109,3244,3079,0,0,0,0,1,0,0,0,0.0,27,1994,7,30,123543.83846153853,1,1
129408,24,5392,14.6,24212.0,4550.302803738317,1000.0,56055.6,30869.78130841124,29,78,50.1,24212.0,8811.758620689656,14.6,16100.0,2965.9153846153854,1,24199.5,1,106054,38,25,6,2,6,63.1,8110,5.77,6.55,109,3244,3079,0,0,0,0,1,0,0,0,0.0,34,1996,12,27,37452.49230769231,1,0
82896,12,6908,14.6,62168.0,10765.97777777778,900.0,107680.9,57141.73095238091,34,92,130.5,62168.0,20655.87058823529,14.6,38600.0,7111.017391304345,2,48086.0,0,75685,31,28,5,1,9,60.8,8208,1.89,2.26,155,1660,2123,0,0,1,0,0,0,0,0,1.0,22,1994,9,2,90434.21333333335,1,0
63360,60,1056,14.6,12138.0,3181.7697478991595,700.0,40733.8,29108.363865546195,49,70,51.7,12138.0,4125.163265306122,14.6,7300.0,2521.3942857142865,2,25635.0,0,75685,31,28,5,1,9,60.8,8208,1.89,2.26,155,1660,2123,0,0,1,0,0,0,0,0,0.0,39,1995,6,6,18931.53,1,0
41904,12,3492,0.8,51700.0,6720.900699300696,900.0,129123.0,36080.386713286716,63,80,0.8,48546.0,7938.838095238093,14.6,51700.0,5761.774999999998,1,39204.7,0,285387,0,2,8,5,7,89.9,10177,6.63,7.75,81,9878,10108,0,0,0,0,1,0,0,0,0.0,20,1994,9,19,50583.621052631555,1,0
36684,12,3057,8.3,24480.0,4768.643199999998,700.0,50774.2,30229.797600000005,50,75,8.3,18552.0,6311.736,14.6,24480.0,3739.914666666668,1,35093.0,1,285387,0,2,8,5,7,89.9,10177,6.63,7.75,81,9878,10108,0,0,0,0,1,0,0,0,0.0,16,1994,12,20,29804.019999999982,1,0
134784,24,5616,12.2,58800.0,9329.634545454544,900.0,112839.2,44005.11272727274,30,25,12.2,43785.0,8822.476666666666,14.6,58800.0,9938.224000000002,1,16218.7,1,285387,0,2,8,5,7,89.9,10177,6.63,7.75,81,9878,10108,0,0,0,0,1,0,0,0,0.0,54,1995,3,19,57014.43333333332,1,0
89880,24,3745,26.2,47100.0,13517.224137931033,800.0,116004.2,62571.28275862068,13,16,26.2,46981.0,16579.961538461535,30.0,47100.0,11028.75,1,39079.5,0,285387,0,2,8,5,7,89.9,10177,6.63,7.75,81,9878,10108,0,0,0,0,1,0,0,0,0.0,32,1996,1,19,97999.87499999999,1,0
100224,48,2088,26.5,18792.0,4932.616666666667,700.0,46487.1,28124.93333333333,15,3,26.5,18792.0,4005.806666666667,6600.0,15100.0,9566.666666666666,1,31387.1,1,285387,0,2,8,5,7,89.9,10177,6.63,7.75,81,9878,10108,0,0,0,0,1,0,0,0,0.0,39,1996,3,26,29595.7,1,1
49440,60,824,4.0,30378.0,5547.669999999998,300.0,74419.8,47798.86545454537,31,79,28.7,30378.0,10568.796774193546,4.0,20000.0,3577.3544303797466,1,45021.6,1,285387,0,2,8,5,7,89.9,10177,6.63,7.75,81,9878,10108,0,0,0,0,1,0,0,0,0.0,29,1996,4,29,43588.835714285706,1,0
123600,60,2060,14.6,47109.0,9121.306122448976,300.0,105255.7,39514.6775510204,20,29,14.8,47109.0,11561.24,14.6,43300.0,7438.593103448277,2,15505.6,0,285387,0,2,8,5,7,89.9,10177,6.63,7.75,81,9878,10108,0,0,0,0,1,0,0,0,0.0,28,1996,5,6,49660.44444444442,1,0
86184,12,7182,14.6,64642.0,16523.60238095238,300.0,128146.0,59935.271428571425,16,26,105.0,64642.0,23035.90625,14.6,50500.0,12516.030769230769,1,43157.5,1,285387,0,2,8,5,7,89.9,10177,6.63,7.75,81,9878,10108,0,0,0,0,1,0,0,0,0.0,55,1996,10,29,99141.61428571427,1,0
86184,12,7182,14.6,64642.0,16607.014285714282,300.0,128146.0,60273.67857142853,16,26,105.0,64642.0,23036.112499999996,14.6,50500.0,12650.646153846154,1,39660.8,1,285387,0,2,8,5,7,89.9,10177,6.63,7.75,81,9878,10108,0,0,0,0,1,0,0,0,0.0,55,1996,10,29,99642.0857142857,1,0
45024,48,938,14.6,31636.5,7779.815384615385,800.0,63659.3,41994.90769230771,20,19,41.0,31636.5,8544.929999999998,14.6,22100.0,6974.431578947369,1,38384.3,1,285387,0,2,8,5,7,89.9,10177,6.63,7.75,81,9878,10108,0,0,0,0,1,0,0,0,0.0,39,1996,12,21,50568.799999999996,1,0
17508,12,1459,14.6,17580.0,4842.7652777777785,900.0,54432.3,39290.618055555555,31,41,36.7,17580.0,6398.487096774194,14.6,13300.0,3666.4878048780497,1,48027.0,0,107870,84,29,6,1,6,58.0,8754,3.83,4.31,137,3804,3868,0,1,0,0,0,0,0,0,0.0,48,1994,10,25,24905.65,1,0
74124,36,2059,30.0,49816.0,9023.625409836066,400.0,159765.9,54371.29918032791,39,83,60.9,49816.0,14442.828205128204,30.0,43200.0,6477.253012048192,1,25658.0,1,107870,84,29,6,1,6,58.0,8754,3.83,4.31,137,3804,3868,0,1,0,0,0,0,0,0,0.0,57,1996,9,19,64757.782352941176,1,0
392460,60,6541,14.6,58870.0,12882.523076923082,900.0,115913.4,57131.74055944061,46,97,43.2,58870.0,20602.673913043476,14.6,35300.0,9221.420618556696,2,53245.1,1,107870,84,29,6,1,6,58.0,8754,3.83,4.31,137,3804,3868,0,1,0,0,0,0,0,0,0.0,15,1996,10,2,83736.40000000004,1,0
98184,24,4091,74.1,24545.0,9311.157142857142,500.0,68956.1,41660.392857142855,11,3,74.1,24545.0,9059.654545454545,1400.0,18200.0,10233.333333333334,1,68956.1,1,114200,101,41,4,1,4,43.7,8403,5.74,5.72,105,2157,2718,0,0,0,0,0,0,1,0,0.0,49,1994,10,28,43452.066666666666,1,0
99696,48,2077,0.4,55900.0,11716.779629629631,-974.6,127684.9,46341.29351851856,45,63,61.8,49327.0,14426.435555555556,0.4,55900.0,9781.311111111108,1,32966.8,1,114200,101,41,4,1,4,43.7,8403,5.74,5.72,105,2157,2718,0,0,0,0,0,0,1,0,0.0,23,1995,3,16,63270.61000000001,1,1
244368,48,5091,100.0,57200.0,17859.127083333333,200.0,143453.3,75924.2409722223,64,80,200.0,49769.0,20764.9109375,100.0,57200.0,15534.5,1,86194.1,0,114200,101,41,4,1,4,43.7,8403,5.74,5.72,105,2157,2718,0,0,0,0,0,0,1,0,0.0,25,1995,11,22,171447.62,1,0
113544,36,3154,14.6,28386.0,6453.483098591549,700.0,68048.1,33990.419718309866,26,45,29.2,28386.0,9068.926923076924,14.6,20900.0,4942.337777777779,1,13386.8,0,114200,101,41,4,1,4,43.7,8403,5.74,5.72,105,2157,2718,0,0,0,0,0,0,1,0,0.0,53,1996,2,13,41654.299999999996,1,0
200976,48,4187,14.6,37686.0,11032.88857142857,600.0,83553.5,47938.06571428571,17,18,60.7,37686.0,12752.429411764706,14.6,26600.0,9408.87777777778,1,47431.4,0,114200,101,41,4,1,4,43.7,8403,5.74,5.72,105,2157,2718,0,0,0,0,0,0,1,0,0.0,41,1996,4,15,55164.44285714284,1,0
192552,24,8023,10.2,23844.0,5774.419607843138,800.0,49563.0,23979.01176470588,26,25,10.2,23844.0,6090.784615384614,30.0,18000.0,5445.4,1,22225.5,1,70646,94,14,3,1,4,58.4,8547,2.65,3.64,120,1563,1542,0,0,0,0,0,1,0,0,0.0,30,1994,11,12,21035.385714285716,1,1
266220,60,4437,14.6,33190.0,5581.281249999997,900.0,66744.4,34922.881249999984,53,91,83.4,33190.0,7942.118867924531,14.6,23840.0,4206.2879120879115,1,38159.6,1,70646,94,14,3,1,4,58.4,8547,2.65,3.64,120,1563,1542,0,0,0,0,0,1,0,0,0.0,30,1995,10,14,47276.73529411763,1,0
128988,36,3583,0.1,42530.0,7562.665853658536,-36.1,78192.9,34740.702439024375,35,47,1.5,42530.0,8997.414285714287,0.1,27600.0,6494.2361702127655,1,9680.2,0,70646,94,14,3,1,4,58.4,8547,2.65,3.64,120,1563,1542,0,0,0,0,0,1,0,0,0.0,56,1996,2,3,36478.74117647059,1,1
220620,60,3677,14.6,33096.0,6331.021874999999,1100.0,70272.7,36907.456249999996,54,74,96.5,33096.0,7748.148148148148,14.6,20500.0,5296.902702702701,1,26332.6,1,70646,94,14,3,1,4,58.4,8547,2.65,3.64,120,1563,1542,0,0,0,0,0,1,0,0,0.0,52,1996,5,6,50648.174999999996,1,0
51408,24,2142,14.6,57700.0,13410.820312499998,900.0,137087.2,52299.285937499975,31,33,43.8,49907.0,14636.958064516128,14.6,57700.0,12258.993939393937,1,49198.8,0,45714,52,10,5,1,6,55.6,8843,2.82,3.6,113,818,888,0,0,0,0,0,0,0,1,0.0,45,1994,12,8,71524.37499999999,1,0
347952,48,7249,14.6,54600.0,13441.428333333335,300.0,123013.2,54157.19416666667,50,70,111.1,49271.0,16705.18,14.6,54600.0,11110.17714285714,1,57546.3,1,45714,52,10,5,1,6,55.6,8843,2.82,3.6,113,818,888,0,0,0,0,0,0,0,1,0.0,30,1995,1,16,76808.16190476192,1,0
417060,60,6951,14.6,52700.0,10583.993243243243,200.0,127508.6,58445.027027027056,41,33,67.8,43656.0,10538.953658536588,14.6,52700.0,10639.951515151515,2,80621.0,1,45714,52,10,5,1,6,55.6,8843,2.82,3.6,113,818,888,0,0,0,0,0,0,0,1,0.0,33,1995,6,1,43511.97222222222,1,0
222180,60,3703,14.6,52600.0,11725.494915254236,800.0,130659.1,55230.44406779658,28,31,103.2,44352.0,13417.557142857142,14.6,52600.0,10197.18064516129,1,59578.8,0,45714,52,10,5,1,6,55.6,8843,2.82,3.6,113,818,888,0,0,0,0,0,0,0,1,0.0,57,1996,12,15,57650.35,1,1
68112,12,5676,14.6,57164.0,9898.475510204082,300.0,111588.8,47220.13401360543,37,110,113.6,57164.0,20195.84054054054,14.6,42100.0,6434.8163636363615,1,39416.1,1,88768,10,18,5,1,7,80.5,8867,1.02,1.21,130,3384,3620,0,0,0,1,0,0,0,0,0.0,17,1995,1,18,85592.70000000001,1,0
95808,12,7984,14.6,57700.0,16058.694444444449,900.0,122452.2,59701.78666666667,40,50,109.8,49008.0,18972.2875,14.6,57700.0,13727.819999999998,1,72500.4,0,161854,73,21,6,1,6,76.3,9425,1.72,2.5,125,4085,3891,0,0,1,0,0,0,0,0,0.0,54,1995,1,30,103234.46428571432,1,0
41952,12,3496,14.6,31462.0,5890.407619047617,500.0,71527.0,41502.025714285715,31,74,71.6,31462.0,10373.63870967742,14.6,25400.0,4012.2972972972975,1,24672.8,0,161854,73,21,6,1,6,76.3,9425,1.72,2.5,125,4085,3891,0,0,1,0,0,0,0,0,0.0,22,1995,11,2,47576.36923076922,1,0
32640,48,680,14.6,20700.0,2772.7598130841125,300.0,43206.0,25906.4093457944,39,68,20.7,11200.0,4044.684615384616,14.6,20700.0,2043.2735294117651,1,18800.0,0,161854,73,21,6,1,6,76.3,9425,1.72,2.5,125,4085,3891,0,0,1,0,0,0,0,0,0.0,53,1996,7,18,19779.020000000004,1,0
359760,60,5996,14.6,51700.0,8082.339583333332,900.0,127807.6,32434.693750000006,25,23,21.9,37346.0,8558.236,14.6,51700.0,7565.060869565218,1,39959.4,0,161854,73,21,6,1,6,76.3,9425,1.72,2.5,125,4085,3891,0,0,1,0,0,0,0,0,0.0,17,1996,11,15,25863.48666666666,1,0
43164,12,3597,14.6,57680.0,14188.256521739127,800.0,120071.4,68377.06376811591,26,43,111.0,57680.0,19429.611538461537,14.6,43700.0,11019.065116279067,1,31349.9,1,117897,139,28,5,1,6,53.8,8814,4.76,5.74,107,2112,2059,0,0,0,0,0,0,1,0,0.0,19,1995,2,6,88999.06363636361,1,0
225420,60,3757,14.6,20727.0,5452.343137254903,200.0,53271.6,31185.156862745098,22,29,43.4,20727.0,7056.204545454547,14.6,14800.0,4235.620689655173,1,32403.4,1,117897,139,28,5,1,6,53.8,8814,4.76,5.74,107,2112,2059,0,0,0,0,0,0,1,0,0.0,46,1995,4,25,30896.611111111117,1,0
139536,24,5814,12.2,53200.0,14454.311515151518,800.0,151546.9,63889.87393939401,67,98,12.2,49193.0,18070.40597014925,14.6,53200.0,11982.083673469388,1,36472.9,1,117897,139,28,5,1,6,53.8,8814,4.76,5.74,107,2112,2059,0,0,0,0,0,0,1,0,0.0,53,1995,6,13,132497.85555555558,1,0
54024,12,4502,14.6,40521.0,8708.722448979594,1000.0,81705.8,36480.18503401359,45,102,67.3,40521.0,14509.60888888889,14.6,30100.0,6149.507843137252,1,25682.6,0,117897,139,28,5,1,6,53.8,8814,4.76,5.74,107,2112,2059,0,0,0,0,0,0,1,0,1.0,28,1996,8,6,60961.05714285715,1,0
79920,60,1332,14.6,36634.5,7707.4063157894725,700.0,74199.5,43846.97789473684,29,66,24.3,36634.5,13163.365517241378,14.6,24300.0,5310.090909090909,1,31271.6,0,170449,0,0,0,1,1,100.0,10787,2.64,3.09,131,6041,6261,0,0,0,0,0,0,0,1,0.0,41,1995,2,12,52300.25714285713,1,0
29784,24,1241,59.4,17241.0,6943.350000000001,200.0,49220.3,27626.08333333333,9,3,59.4,17241.0,6735.5777777777785,3300.0,11300.0,7566.666666666667,2,37920.3,1,170449,0,0,0,1,1,100.0,10787,2.64,3.09,131,6041,6261,0,0,0,0,0,0,0,1,0.0,25,1995,6,13,20830.050000000003,1,0
249312,48,5194,30.0,47112.0,9995.911666666665,900.0,88597.4,35914.85499999999,30,30,45.7,47112.0,10919.69,30.0,32100.0,9072.133333333333,1,55426.5,0,170449,0,0,0,1,1,100.0,10787,2.64,3.09,131,6041,6261,0,0,0,0,0,0,0,1,0.0,40,1996,4,21,42839.62142857142,1,0
28248,24,1177,14.6,30055.5,8111.6808510638275,400.0,69893.0,45582.44893617021,38,56,26.9,30055.5,10476.673684210524,14.6,23400.0,6506.864285714284,1,33729.1,1,162580,83,26,5,1,6,72.8,9538,1.51,1.81,111,6079,5410,0,0,1,0,0,0,0,0,0.0,25,1995,3,4,42360.999999999985,1,0
126600,24,5275,14.6,47472.0,11683.987878787882,400.0,94043.3,47118.99318181818,46,86,62.3,47472.0,17293.55652173913,14.6,32400.0,8683.520930232555,1,48720.6,0,162580,83,26,5,1,6,72.8,9538,1.51,1.81,111,6079,5410,0,0,1,0,0,0,0,0,0.0,56,1995,4,13,70103.92727272729,1,0
213300,36,5925,14.6,13600.0,3730.2016949152553,400.0,42443.7,27951.913559322016,27,32,43.4,13600.0,4581.6407407407405,14.6,8160.0,3011.8,1,27326.7,0,162580,83,26,5,1,6,72.8,9538,1.51,1.81,111,6079,5410,0,0,1,0,0,0,0,0,0.0,31,1996,3,4,22008.190000000006,1,0
174048,48,3626,14.6,49461.0,13503.12608695652,600.0,127067.6,72968.3811594203,38,31,146.2,49461.0,12971.792105263157,14.6,46800.0,14154.438709677419,1,54140.4,1,162580,83,26,5,1,6,72.8,9538,1.51,1.81,111,6079,5410,0,0,1,0,0,0,0,0,0.0,44,1996,9,19,84701.42727272726,1,0
331560,60,5526,14.6,33276.0,7321.519327731091,900.0,71924.6,36941.99831932773,40,79,36.3,33276.0,11490.66,14.6,24700.0,5210.562025316454,2,47992.1,0,88884,80,26,6,2,5,46.7,8507,1.67,1.85,132,2159,2674,0,1,0,0,0,0,0,0,0.0,14,1995,3,15,48403.377777777765,1,0
107640,24,4485,14.6,53613.0,17488.552173913045,600.0,107783.7,50214.50434782608,12,11,69.6,53613.0,19481.758333333335,14.6,46900.0,15314.145454545454,1,65325.4,1,88884,80,26,6,2,5,46.7,8507,1.67,1.85,132,2159,2674,0,1,0,0,0,0,0,0,0.0,35,1995,8,11,80447.34,1,0
85860,60,1431,5.0,16713.0,3377.427083333332,1000.0,44713.5,30461.404166666678,47,49,5.0,16713.0,3868.0851063829787,14.6,10300.0,2906.7959183673483,1,39220.2,1,88884,80,26,6,2,5,46.7,8507,1.67,1.85,132,2159,2674,0,1,0,0,0,0,0,0,0.0,39,1995,9,3,23159.499999999993,1,0
103680,60,1728,14.6,14422.5,3896.3825688073384,500.0,46520.1,28250.10917431192,44,65,26.2,14422.5,5169.697727272727,14.6,13920.0,3034.4461538461546,1,30227.6,0,95907,87,25,5,2,7,59.1,8388,2.41,2.94,87,1658,1668,0,0,1,0,0,0,0,0,0.0,23,1995,3,16,22352.931578947362,1,1
98832,48,2059,14.6,23282.0,4382.094350282484,500.0,63095.4,31814.268361581904,50,127,38.1,23282.0,8028.005999999999,14.6,22240.0,2946.6960629921255,1,27169.8,1,95907,87,25,5,2,7,59.1,8388,2.41,2.94,87,1658,1668,0,0,1,0,0,0,0,0,0.0,25,1996,1,3,35255.940909090896,1,0
185952,48,3874,68.7,57400.0,12283.385294117646,700.0,145318.2,50113.19411764706,20,14,68.7,46725.0,12500.505,1800.0,57400.0,11973.214285714286,1,82385.2,0,125236,28,11,1,4,5,87.7,9675,6.43,7.68,100,5323,5190,0,0,0,1,0,0,0,0,0.0,50,1995,3,29,34802.924999999996,1,0
21852,36,607,14.6,27736.5,9232.249999999998,700.0,60863.2,38509.05,12,6,27.8,27736.5,8711.658333333333,14.6,18100.0,10273.433333333332,1,42899.4,0,125236,28,11,1,4,5,87.7,9675,6.43,7.68,100,5323,5190,0,0,0,1,0,0,0,0,0.0,40,1995,10,8,33236.09999999999,1,0
156672,36,4352,11.2,10380.0,3313.364,500.0,41876.9,22927.502666666693,37,38,11.2,10380.0,3672.6189189189195,14.6,9000.0,2963.5631578947373,1,23271.5,1,72541,66,26,10,0,8,36.9,8594,1.62,2.01,112,1580,1525,0,0,0,0,0,0,0,1,0.0,38,1995,4,1,19115.56153846154,1,0
248148,36,6893,14.6,28960.0,5453.364999999996,600.0,67486.0,36063.78833333336,37,83,86.7,28362.0,9398.816216216215,14.6,28960.0,3694.549397590361,1,41108.6,1,72541,66,26,10,0,8,36.9,8594,1.62,2.01,112,1580,1525,0,0,0,0,0,0,0,1,0.0,54,1995,4,28,40900.237499999974,1,0
30060,60,501,14.6,29412.0,4858.978494623655,500.0,69382.9,37213.407526881754,45,141,50.3,29412.0,10581.039999999999,14.6,20000.0,3032.788652482269,1,48523.3,0,72541,66,26,10,0,8,36.9,8594,1.62,2.01,112,1580,1525,0,0,0,0,0,0,0,1,1.0,44,1996,6,15,43036.66666666666,1,0
36396,12,3033,30.0,51700.0,11730.83987341772,800.0,125887.5,57977.03481012657,56,102,92.8,48143.0,16954.94107142857,30.0,51700.0,8862.70588235294,1,45480.6,0,127369,31,32,13,2,7,51.2,8369,4.73,5.88,107,3736,2807,0,0,0,0,1,0,0,0,0.0,23,1995,5,8,84248.7590909091,1,0
265320,36,7370,14.6,26409.0,5332.347972972972,700.0,61993.3,35566.88108108107,64,84,33.6,26409.0,6441.2328125,14.6,17700.0,4487.483333333333,2,35289.8,1,121947,37,28,7,3,11,70.5,8541,2.51,2.97,131,3496,3839,0,0,1,0,0,0,0,0,0.0,46,1995,6,23,39459.374999999985,1,0
165120,60,2752,14.6,11210.0,3217.2706896551717,1100.0,37946.3,24377.371551724114,50,66,31.0,11210.0,3959.488,14.6,6300.0,2654.9848484848494,2,22745.4,1,121947,37,28,7,3,11,70.5,8541,2.51,2.97,131,3496,3839,0,0,1,0,0,0,0,0,0.0,45,1996,1,12,19642.28421052631,1,0
44088,24,1837,14.6,24304.5,6617.940625,1000.0,55576.8,36548.818750000006,17,15,61.8,24304.5,7533.605882352941,14.6,18000.0,5580.186666666667,1,44368.6,1,81344,61,23,4,2,6,55.3,8899,3.39,3.97,149,2987,2487,0,1,0,0,0,0,0,0,0.0,44,1995,8,1,30253.442857142858,1,0
20220,12,1685,14.6,49397.0,9715.854901960784,500.0,122906.7,41077.63529411765,23,28,90.7,49397.0,11452.434782608696,14.6,48100.0,8289.378571428573,1,31303.3,1,81344,61,23,4,2,6,55.3,8899,3.39,3.97,149,2987,2487,0,1,0,0,0,0,0,0,0.0,22,1995,8,5,45046.23636363636,1,0
93600,24,3900,14.6,45287.0,7856.4127272727255,900.0,96108.3,40078.70727272725,21,34,52.1,45287.0,10912.823809523808,14.6,42900.0,5968.629411764707,1,26235.8,0,81344,61,23,4,2,6,55.3,8899,3.39,3.97,149,2987,2487,0,1,0,0,0,0,0,0,0.0,24,1996,10,20,48011.4111111111,1,0
45336,24,1889,14.6,30436.0,7594.23222222222,800.0,71486.0,48152.953333333375,33,57,16.3,30436.0,10959.40303030303,14.6,19900.0,5645.975438596491,1,39839.5,0,51428,50,11,3,1,4,52.7,8402,3.13,3.98,120,999,1099,0,0,0,0,0,1,0,0,0.0,38,1995,8,29,45565.39333333332,1,0
182040,60,3034,14.6,61557.0,17539.79661016949,600.0,110447.5,67475.90169491527,24,35,67.2,61557.0,22366.575,14.6,53500.0,14230.005714285711,2,38747.5,1,51428,50,11,3,1,4,52.7,8402,3.13,3.98,120,999,1099,0,0,0,0,0,1,0,0,0.0,44,1995,11,18,94077.09090909091,1,0
189696,24,7904,30.0,57600.0,11582.991011235956,700.0,125386.9,54137.10561797752,30,59,152.6,49775.0,18658.64,30.0,57600.0,7985.203389830508,2,88632.1,0,51428,50,11,3,1,4,52.7,8402,3.13,3.98,120,999,1099,0,0,0,0,0,1,0,0,0.0,50,1996,1,1,128860.77500000001,1,0
396120,60,6602,30.0,59415.0,15418.108421052631,500.0,104859.1,58855.27789473691,36,59,79.1,59415.0,21574.03611111111,30.0,37300.0,11661.949152542373,1,88610.1,1,51428,50,11,3,1,4,52.7,8402,3.13,3.98,120,999,1099,0,0,0,0,0,1,0,0,0.0,46,1996,10,16,86160.01764705882,1,0
63252,12,5271,14.6,47436.0,9457.760365853661,13097.7,86343.2,49291.82256097561,48,116,106.4,47436.0,16674.810416666667,14.6,31800.0,6471.394827586204,1,49709.2,1,94725,38,28,1,3,6,63.4,9920,2.26,2.87,130,4289,4846,0,1,0,0,0,0,0,0,0.0,46,1996,2,8,70503.30454545456,1,0
154656,48,3222,14.6,28994.0,6653.895505617976,1000.0,61782.0,31791.328089887662,32,57,28.5,28994.0,9834.021875000002,14.6,17585.0,4868.561403508772,1,37180.5,0,161227,5,35,11,4,10,69.7,8678,5.93,5.57,102,4980,4595,0,0,0,0,1,0,0,0,0.0,39,1996,3,21,42299.76428571427,1,0
215616,48,4492,6.8,23130.0,5273.670491803279,-3424.6,50124.8,21447.624590163923,30,31,31.1,23130.0,5505.576666666669,6.8,18700.0,5049.245161290322,1,8640.6,0,42821,4,13,5,1,3,48.4,8173,7.01,7.01,124,1358,1358,0,0,0,0,1,0,0,0,0.0,39,1996,4,11,35743.76666666667,1,1
388512,48,8094,2.4,44700.0,7319.423333333334,-2838.8,84743.5,21371.32,54,66,21.7,40855.0,8490.999999999998,2.4,44700.0,6360.860606060606,1,38697.3,1,42821,4,13,5,1,3,48.4,8173,7.01,7.01,124,1358,1358,0,0,0,0,1,0,0,0,0.0,27,1996,8,24,43916.54,1,1
84120,24,3505,30.0,47952.0,14769.1,900.0,89570.9,56910.689473684215,12,7,65.8,47952.0,14356.908333333335,30.0,36300.0,15475.714285714286,1,45528.9,1,42821,4,13,5,1,3,48.4,8173,7.01,7.01,124,1358,1358,0,0,0,0,1,0,0,0,0.0,46,1996,9,22,93537.63333333335,1,0
66480,24,2770,20.0,49631.0,13609.12,900.0,77551.0,34798.28,7,3,20.0,49631.0,12213.028571428571,7600.0,28000.0,16866.666666666668,1,34891.2,0,182027,17,49,12,2,7,56.4,8746,3.33,3.74,90,4355,4433,0,0,0,0,1,0,0,0,0.0,60,1996,5,14,34022.8,1,1
139464,36,3874,20.2,36854.0,8131.070967741934,300.0,65062.8,31532.748387096784,19,12,20.2,36854.0,7729.642105263159,400.0,23400.0,8766.666666666666,1,41662.8,0,182027,17,49,12,2,7,56.4,8746,3.33,3.74,90,4355,4433,0,0,0,0,1,0,0,0,0.0,38,1996,9,26,21005.266666666663,1,1
284280,60,4738,14.6,56800.0,14790.5,300.0,109361.9,64182.6414893617,36,58,93.6,56756.0,20623.950000000004,14.6,56800.0,11169.73793103448,2,94617.3,1,114006,71,26,6,2,9,62.3,9065,4.46,5.39,123,4147,4166,0,0,0,1,0,0,0,0,0.0,37,1996,5,29,81782.76470588235,1,0
155880,24,6495,14.6,60700.0,12237.18309859155,1000.0,164648.6,63263.14718309857,51,91,104.4,49818.0,17472.988235294117,14.6,60700.0,9302.830769230766,2,44564.6,1,114006,71,26,6,2,9,62.3,9065,4.46,5.39,123,4147,4166,0,0,0,1,0,0,0,0,0.0,27,1996,7,15,86884.0,1,0
68544,24,2856,30.0,44342.0,8948.183333333334,900.0,94207.7,44948.62592592594,17,37,48.2,44342.0,14909.75882352941,30.0,34800.0,6209.081081081081,2,23729.8,0,114006,71,26,6,2,9,62.3,9065,4.46,5.39,123,4147,4166,0,0,0,1,0,0,0,0,0.0,20,1996,11,3,60400.23750000001,1,0
194940,36,5415,1.3,58700.0,12668.317582417583,600.0,138172.6,56669.787912087864,38,53,1.3,48883.0,15618.807894736841,14.6,58700.0,10552.871698113202,1,34212.3,0,112065,95,19,7,1,8,69.4,11277,1.25,1.44,127,5179,4987,0,1,0,0,0,0,0,0,0.0,31,1996,9,25,82344.0642857143,1,0
110112,24,4588,14.6,52500.0,17234.715853658538,700.0,135658.1,76232.70000000003,37,45,105.0,45549.0,20541.959459459464,14.6,52500.0,14515.426666666666,1,106858.1,0,107911,88,33,6,2,7,50.9,8240,2.53,3.56,99,1850,1903,0,0,0,0,0,0,1,0,0.0,33,1996,11,9,141324.66999999998,1,0
